"../../../Engine/Plugins/Animation/ACLPlugin/Content/ACLAnimCurveCompressionSettings.uasset" 0
"../../../Engine/Plugins/Animation/ACLPlugin/Content/ACLAnimCurveCompressionSettings.uexp" 1
"../../../Engine/Plugins/Animation/ACLPlugin/Content/ACLAnimBoneCompressionSettings.uasset" 2
"../../../Engine/Plugins/Animation/ACLPlugin/Content/ACLAnimBoneCompressionSettings.uexp" 3
"../../../Engine/Plugins/2D/Paper2D/Content/PlaceholderTextures/DummySpriteTexture.ubulk" 4
"../../../Engine/Plugins/2D/Paper2D/Content/PlaceholderTextures/DummySpriteTexture.uasset" 5
"../../../Engine/Plugins/2D/Paper2D/Content/PlaceholderTextures/DummySpriteTexture.uexp" 6
"../../../Engine/Plugins/2D/Paper2D/Content/DummySprite.uasset" 7
"../../../Engine/Plugins/2D/Paper2D/Content/DummySprite.uexp" 8
"../../../Engine/Plugins/2D/Paper2D/Content/DefaultPaperTerrainMaterial.uasset" 9
"../../../Engine/Plugins/2D/Paper2D/Content/DefaultPaperTerrainMaterial.uexp" 10
"../../../Engine/Plugins/Animation/ControlRig/Content/Controls/DefaultGizmoLibraryNormalized.uasset" 11
"../../../Engine/Plugins/Animation/ControlRig/Content/Controls/DefaultGizmoLibraryNormalized.uexp" 12
"../../../Engine/Content/EngineSounds/Master.uasset" 13
"../../../Engine/Content/EngineSounds/Master.uexp" 14
"../../../Engine/Content/EngineMaterials/DefaultPhysicalMaterial.uasset" 15
"../../../Engine/Content/EngineMaterials/DefaultPhysicalMaterial.uexp" 16
"../../../Engine/Content/EngineMaterials/DefaultDestructiblePhysicalMaterial.uasset" 17
"../../../Engine/Content/EngineMaterials/DefaultDestructiblePhysicalMaterial.uexp" 18
"../../../Engine/Content/EngineFonts/Faces/RobotoLight.uexp" 19
"../../../Engine/Content/EngineFonts/Faces/RobotoLight.uasset" 20
"../../../Engine/Content/EngineFonts/Faces/RobotoLight.ufont" 21
"../../../Engine/Content/EngineFonts/Faces/RobotoBold.uexp" 22
"../../../Engine/Content/EngineFonts/Faces/RobotoBold.uasset" 23
"../../../Engine/Content/EngineFonts/Faces/RobotoBold.ufont" 24
"../../../Engine/Content/EngineFonts/Faces/RobotoRegular.uexp" 25
"../../../Engine/Content/EngineFonts/Faces/RobotoRegular.uasset" 26
"../../../Engine/Content/EngineFonts/Faces/RobotoRegular.ufont" 27
"../../../Engine/Content/EngineFonts/Faces/DroidSansFallback.uexp" 28
"../../../Engine/Content/EngineFonts/Faces/DroidSansFallback.uasset" 29
"../../../Engine/Content/EngineFonts/Faces/DroidSansFallback.ufont" 30
"../../../Engine/Content/EngineFonts/Faces/RobotoItalic.uexp" 31
"../../../Engine/Content/EngineFonts/Faces/RobotoItalic.uasset" 32
"../../../Engine/Content/EngineFonts/Faces/RobotoItalic.ufont" 33
"../../../Engine/Content/EngineFonts/Faces/RobotoBoldItalic.uexp" 34
"../../../Engine/Content/EngineFonts/Faces/RobotoBoldItalic.uasset" 35
"../../../Engine/Content/EngineFonts/Faces/RobotoBoldItalic.ufont" 36
"../../../Engine/Content/EngineFonts/Roboto.uasset" 37
"../../../Engine/Content/EngineFonts/Roboto.uexp" 38
"../../../Engine/Plugins/Interchange/Runtime/Content/Pipelines/DefaultTexturePipeline.uasset" 39
"../../../Engine/Plugins/Interchange/Runtime/Content/Pipelines/DefaultTexturePipeline.uexp" 40
"../../../Engine/Plugins/Interchange/Runtime/Content/Pipelines/DefaultSceneLevelPipeline.uasset" 41
"../../../Engine/Plugins/Interchange/Runtime/Content/Pipelines/DefaultSceneLevelPipeline.uexp" 42
"../../../Engine/Plugins/Interchange/Runtime/Content/Pipelines/DefaultSceneAssetsPipeline.uasset" 43
"../../../Engine/Plugins/Interchange/Runtime/Content/Pipelines/DefaultSceneAssetsPipeline.uexp" 44
"../../../Engine/Plugins/Interchange/Runtime/Content/Pipelines/DefaultMaterialXPipeline.uasset" 45
"../../../Engine/Plugins/Interchange/Runtime/Content/Pipelines/DefaultMaterialXPipeline.uexp" 46
"../../../Engine/Plugins/Interchange/Runtime/Content/Pipelines/DefaultMaterialPipeline.uasset" 47
"../../../Engine/Plugins/Interchange/Runtime/Content/Pipelines/DefaultMaterialPipeline.uexp" 48
"../../../Engine/Plugins/Interchange/Runtime/Content/Pipelines/DefaultGLTFSceneAssetsPipeline.uasset" 49
"../../../Engine/Plugins/Interchange/Runtime/Content/Pipelines/DefaultGLTFSceneAssetsPipeline.uexp" 50
"../../../Engine/Plugins/Interchange/Runtime/Content/Pipelines/DefaultGLTFPipeline.uasset" 51
"../../../Engine/Plugins/Interchange/Runtime/Content/Pipelines/DefaultGLTFPipeline.uexp" 52
"../../../Engine/Plugins/Interchange/Runtime/Content/Pipelines/DefaultGLTFAssetsPipeline.uasset" 53
"../../../Engine/Plugins/Interchange/Runtime/Content/Pipelines/DefaultGLTFAssetsPipeline.uexp" 54
"../../../Engine/Plugins/Interchange/Runtime/Content/Pipelines/DefaultAssetsPipeline.uasset" 55
"../../../Engine/Plugins/Interchange/Runtime/Content/Pipelines/DefaultAssetsPipeline.uexp" 56
"../../../Engine/Content/MobileResources/HUD/VirtualJoystick_Background.uasset" 57
"../../../Engine/Content/MobileResources/HUD/VirtualJoystick_Background.uexp" 58
"../../../Engine/Content/MobileResources/HUD/VirtualJoystick_Thumb.uasset" 59
"../../../Engine/Content/MobileResources/HUD/VirtualJoystick_Thumb.uexp" 60
"../../../Engine/Content/MobileResources/HUD/DefaultVirtualJoysticks.uasset" 61
"../../../Engine/Content/MobileResources/HUD/DefaultVirtualJoysticks.uexp" 62
"../../../Engine/Content/EditorResources/S_Actor.ubulk" 63
"../../../Engine/Content/EditorResources/S_Actor.uasset" 64
"../../../Engine/Content/EditorResources/S_Actor.uexp" 65
"../../../Engine/Content/EngineResources/GradientTexture0.uasset" 66
"../../../Engine/Content/EngineResources/GradientTexture0.uexp" 67
"../../../Engine/Content/EngineResources/DefaultTexture.ubulk" 68
"../../../Engine/Content/EngineResources/DefaultTexture.uasset" 69
"../../../Engine/Content/EngineResources/DefaultTexture.uexp" 70
"../../../Engine/Content/EngineResources/Black.uasset" 71
"../../../Engine/Content/EngineResources/Black.uexp" 72
"../../../Engine/Content/EngineMaterials/PreintegratedSkinBRDF.uasset" 73
"../../../Engine/Content/EngineMaterials/PreintegratedSkinBRDF.uexp" 74
"../../../Engine/Content/EngineMaterials/MiniFont.uasset" 75
"../../../Engine/Content/EngineMaterials/MiniFont.uexp" 76
"../../../Engine/Content/EngineMaterials/FastBlueNoise_vec2_128x128x64.uasset" 77
"../../../Engine/Content/EngineMaterials/FastBlueNoise_vec2_128x128x64.uexp" 78
"../../../Engine/Content/EngineMaterials/FastBlueNoise_scalar_128x128x64.uasset" 79
"../../../Engine/Content/EngineMaterials/FastBlueNoise_scalar_128x128x64.uexp" 80
"../../../Engine/Content/EngineMaterials/DefaultWhiteGrid.ubulk" 81
"../../../Engine/Content/EngineMaterials/DefaultWhiteGrid.uasset" 82
"../../../Engine/Content/EngineMaterials/DefaultWhiteGrid.uexp" 83
"../../../Engine/Content/EngineMaterials/DefaultBokeh.uasset" 84
"../../../Engine/Content/EngineMaterials/DefaultBokeh.uexp" 85
"../../../Engine/Content/EngineMaterials/DefaultBloomKernel.uasset" 86
"../../../Engine/Content/EngineMaterials/DefaultBloomKernel.uexp" 87
"../../../Engine/Content/EngineDamageTypes/DmgTypeBP_Environmental.uasset" 88
"../../../Engine/Content/EngineDamageTypes/DmgTypeBP_Environmental.uexp" 89
"../../../Engine/Content/EditorResources/S_TriggerSphere.uasset" 90
"../../../Engine/Content/EditorResources/S_TriggerSphere.uexp" 91
"../../../Engine/Content/EditorResources/S_TriggerCapsule.uasset" 92
"../../../Engine/Content/EditorResources/S_TriggerCapsule.uexp" 93
"../../../Engine/Content/EditorResources/S_TriggerBox.uasset" 94
"../../../Engine/Content/EditorResources/S_TriggerBox.uexp" 95
"../../../Engine/Content/EditorResources/S_Trigger.ubulk" 96
"../../../Engine/Content/EditorResources/S_Trigger.uasset" 97
"../../../Engine/Content/EditorResources/S_Trigger.uexp" 98
"../../../Engine/Content/EditorResources/S_Terrain.ubulk" 99
"../../../Engine/Content/EditorResources/S_Terrain.uasset" 100
"../../../Engine/Content/EditorResources/S_Terrain.uexp" 101
"../../../Engine/Content/EditorResources/S_Solver.ubulk" 102
"../../../Engine/Content/EditorResources/S_Solver.uasset" 103
"../../../Engine/Content/EditorResources/S_Solver.uexp" 104
"../../../Engine/Content/EditorResources/S_BoxReflectionCapture.uasset" 105
"../../../Engine/Content/EditorResources/S_BoxReflectionCapture.uexp" 106
"../../../Engine/Content/EditorResources/EmptyActor.uasset" 107
"../../../Engine/Content/EditorResources/EmptyActor.uexp" 108
"../../../Engine/Content/EditorResources/BSPVertex.uasset" 109
"../../../Engine/Content/EditorResources/BSPVertex.uexp" 110
"../../../Engine/Content/EditorLandscapeResources/DefaultAlphaTexture.uasset" 111
"../../../Engine/Content/EditorLandscapeResources/DefaultAlphaTexture.uexp" 112
"../../../Engine/Plugins/Runtime/AudioWidgets/Content/Resources/ScrubHandleDown_Clamped.uasset" 113
"../../../Engine/Plugins/Runtime/AudioWidgets/Content/Resources/ScrubHandleDown_Clamped.uexp" 114
"C:/Users/Guest2/Documents/Unreal Projects/IAmSadder/IAmSad/Content/ActualAssets/Sounds/ClippedSounds/jump.ubulk" 115
"C:/Users/Guest2/Documents/Unreal Projects/IAmSadder/IAmSad/Content/ActualAssets/Sounds/ClippedSounds/jump.uasset" 116
"C:/Users/Guest2/Documents/Unreal Projects/IAmSadder/IAmSad/Content/ActualAssets/Sounds/ClippedSounds/jump.uexp" 117
"../../../Engine/Plugins/2D/Paper2D/Content/DefaultSpriteMaterial.uasset" 118
"../../../Engine/Plugins/2D/Paper2D/Content/DefaultSpriteMaterial.uexp" 119
"../../../Engine/Plugins/2D/Paper2D/Content/TranslucentUnlitSpriteMaterial.uasset" 120
"../../../Engine/Plugins/2D/Paper2D/Content/TranslucentUnlitSpriteMaterial.uexp" 121
"C:/Users/Guest2/Documents/Unreal Projects/IAmSadder/IAmSad/Content/ActualAssets/Reverse/frame0012.uasset" 122
"C:/Users/Guest2/Documents/Unreal Projects/IAmSadder/IAmSad/Content/ActualAssets/Reverse/frame0012.uexp" 123
"C:/Users/Guest2/Documents/Unreal Projects/IAmSadder/IAmSad/Content/ActualAssets/Reverse/frame0012_Sprite.uasset" 124
"C:/Users/Guest2/Documents/Unreal Projects/IAmSadder/IAmSad/Content/ActualAssets/Reverse/frame0012_Sprite.uexp" 125
"C:/Users/Guest2/Documents/Unreal Projects/IAmSadder/IAmSad/Content/ActualAssets/Reverse/frame0007.uasset" 126
"C:/Users/Guest2/Documents/Unreal Projects/IAmSadder/IAmSad/Content/ActualAssets/Reverse/frame0007.uexp" 127
"C:/Users/Guest2/Documents/Unreal Projects/IAmSadder/IAmSad/Content/ActualAssets/Reverse/frame0007_Sprite.uasset" 128
"C:/Users/Guest2/Documents/Unreal Projects/IAmSadder/IAmSad/Content/ActualAssets/Reverse/frame0007_Sprite.uexp" 129
"C:/Users/Guest2/Documents/Unreal Projects/IAmSadder/IAmSad/Content/ActualAssets/Reverse/frame0008.uasset" 130
"C:/Users/Guest2/Documents/Unreal Projects/IAmSadder/IAmSad/Content/ActualAssets/Reverse/frame0008.uexp" 131
"C:/Users/Guest2/Documents/Unreal Projects/IAmSadder/IAmSad/Content/ActualAssets/Reverse/frame0008_Sprite.uasset" 132
"C:/Users/Guest2/Documents/Unreal Projects/IAmSadder/IAmSad/Content/ActualAssets/Reverse/frame0008_Sprite.uexp" 133
"C:/Users/Guest2/Documents/Unreal Projects/IAmSadder/IAmSad/Content/ActualAssets/Reverse/frame0004.uasset" 134
"C:/Users/Guest2/Documents/Unreal Projects/IAmSadder/IAmSad/Content/ActualAssets/Reverse/frame0004.uexp" 135
"C:/Users/Guest2/Documents/Unreal Projects/IAmSadder/IAmSad/Content/ActualAssets/Reverse/frame0004_Sprite.uasset" 136
"C:/Users/Guest2/Documents/Unreal Projects/IAmSadder/IAmSad/Content/ActualAssets/Reverse/frame0004_Sprite.uexp" 137
"C:/Users/Guest2/Documents/Unreal Projects/IAmSadder/IAmSad/Content/ActualAssets/Reverse/frame0009.uasset" 138
"C:/Users/Guest2/Documents/Unreal Projects/IAmSadder/IAmSad/Content/ActualAssets/Reverse/frame0009.uexp" 139
"C:/Users/Guest2/Documents/Unreal Projects/IAmSadder/IAmSad/Content/ActualAssets/Reverse/frame0009_Sprite.uasset" 140
"C:/Users/Guest2/Documents/Unreal Projects/IAmSadder/IAmSad/Content/ActualAssets/Reverse/frame0009_Sprite.uexp" 141
"C:/Users/Guest2/Documents/Unreal Projects/IAmSadder/IAmSad/Content/ActualAssets/Reverse/frame0005.uasset" 142
"C:/Users/Guest2/Documents/Unreal Projects/IAmSadder/IAmSad/Content/ActualAssets/Reverse/frame0005.uexp" 143
"C:/Users/Guest2/Documents/Unreal Projects/IAmSadder/IAmSad/Content/ActualAssets/Reverse/frame0005_Sprite.uasset" 144
"C:/Users/Guest2/Documents/Unreal Projects/IAmSadder/IAmSad/Content/ActualAssets/Reverse/frame0005_Sprite.uexp" 145
"C:/Users/Guest2/Documents/Unreal Projects/IAmSadder/IAmSad/Content/ActualAssets/Reverse/frame0003.uasset" 146
"C:/Users/Guest2/Documents/Unreal Projects/IAmSadder/IAmSad/Content/ActualAssets/Reverse/frame0003.uexp" 147
"C:/Users/Guest2/Documents/Unreal Projects/IAmSadder/IAmSad/Content/ActualAssets/Reverse/frame0003_Sprite.uasset" 148
"C:/Users/Guest2/Documents/Unreal Projects/IAmSadder/IAmSad/Content/ActualAssets/Reverse/frame0003_Sprite.uexp" 149
"C:/Users/Guest2/Documents/Unreal Projects/IAmSadder/IAmSad/Content/ActualAssets/Reverse/frame0010.uasset" 150
"C:/Users/Guest2/Documents/Unreal Projects/IAmSadder/IAmSad/Content/ActualAssets/Reverse/frame0010.uexp" 151
"C:/Users/Guest2/Documents/Unreal Projects/IAmSadder/IAmSad/Content/ActualAssets/Reverse/frame0010_Sprite.uasset" 152
"C:/Users/Guest2/Documents/Unreal Projects/IAmSadder/IAmSad/Content/ActualAssets/Reverse/frame0010_Sprite.uexp" 153
"C:/Users/Guest2/Documents/Unreal Projects/IAmSadder/IAmSad/Content/ActualAssets/Reverse/frame0013.uasset" 154
"C:/Users/Guest2/Documents/Unreal Projects/IAmSadder/IAmSad/Content/ActualAssets/Reverse/frame0013.uexp" 155
"C:/Users/Guest2/Documents/Unreal Projects/IAmSadder/IAmSad/Content/ActualAssets/Reverse/frame0013_Sprite.uasset" 156
"C:/Users/Guest2/Documents/Unreal Projects/IAmSadder/IAmSad/Content/ActualAssets/Reverse/frame0013_Sprite.uexp" 157
"C:/Users/Guest2/Documents/Unreal Projects/IAmSadder/IAmSad/Content/ActualAssets/Reverse/frame0006.uasset" 158
"C:/Users/Guest2/Documents/Unreal Projects/IAmSadder/IAmSad/Content/ActualAssets/Reverse/frame0006.uexp" 159
"C:/Users/Guest2/Documents/Unreal Projects/IAmSadder/IAmSad/Content/ActualAssets/Reverse/frame0006_Sprite.uasset" 160
"C:/Users/Guest2/Documents/Unreal Projects/IAmSadder/IAmSad/Content/ActualAssets/Reverse/frame0006_Sprite.uexp" 161
"C:/Users/Guest2/Documents/Unreal Projects/IAmSadder/IAmSad/Content/ActualAssets/Reverse/frame0011.uasset" 162
"C:/Users/Guest2/Documents/Unreal Projects/IAmSadder/IAmSad/Content/ActualAssets/Reverse/frame0011.uexp" 163
"C:/Users/Guest2/Documents/Unreal Projects/IAmSadder/IAmSad/Content/ActualAssets/Reverse/frame0011_Sprite.uasset" 164
"C:/Users/Guest2/Documents/Unreal Projects/IAmSadder/IAmSad/Content/ActualAssets/Reverse/frame0011_Sprite.uexp" 165
"C:/Users/Guest2/Documents/Unreal Projects/IAmSadder/IAmSad/Content/ActualAssets/Reverse/Flipflop.uasset" 166
"C:/Users/Guest2/Documents/Unreal Projects/IAmSadder/IAmSad/Content/ActualAssets/Reverse/Flipflop.uexp" 167
"C:/Users/Guest2/Documents/Unreal Projects/IAmSadder/IAmSad/Content/ActualAssets/Walk/frame0016.uasset" 168
"C:/Users/Guest2/Documents/Unreal Projects/IAmSadder/IAmSad/Content/ActualAssets/Walk/frame0016.uexp" 169
"C:/Users/Guest2/Documents/Unreal Projects/IAmSadder/IAmSad/Content/ActualAssets/Walk/frame0016_Sprite.uasset" 170
"C:/Users/Guest2/Documents/Unreal Projects/IAmSadder/IAmSad/Content/ActualAssets/Walk/frame0016_Sprite.uexp" 171
"C:/Users/Guest2/Documents/Unreal Projects/IAmSadder/IAmSad/Content/ActualAssets/Walk/frame0023.uasset" 172
"C:/Users/Guest2/Documents/Unreal Projects/IAmSadder/IAmSad/Content/ActualAssets/Walk/frame0023.uexp" 173
"C:/Users/Guest2/Documents/Unreal Projects/IAmSadder/IAmSad/Content/ActualAssets/Walk/frame0023_Sprite.uasset" 174
"C:/Users/Guest2/Documents/Unreal Projects/IAmSadder/IAmSad/Content/ActualAssets/Walk/frame0023_Sprite.uexp" 175
"C:/Users/Guest2/Documents/Unreal Projects/IAmSadder/IAmSad/Content/ActualAssets/Walk/frame0011.uasset" 176
"C:/Users/Guest2/Documents/Unreal Projects/IAmSadder/IAmSad/Content/ActualAssets/Walk/frame0011.uexp" 177
"C:/Users/Guest2/Documents/Unreal Projects/IAmSadder/IAmSad/Content/ActualAssets/Walk/frame0011_Sprite.uasset" 178
"C:/Users/Guest2/Documents/Unreal Projects/IAmSadder/IAmSad/Content/ActualAssets/Walk/frame0011_Sprite.uexp" 179
"C:/Users/Guest2/Documents/Unreal Projects/IAmSadder/IAmSad/Content/ActualAssets/Walk/frame0018.uasset" 180
"C:/Users/Guest2/Documents/Unreal Projects/IAmSadder/IAmSad/Content/ActualAssets/Walk/frame0018.uexp" 181
"C:/Users/Guest2/Documents/Unreal Projects/IAmSadder/IAmSad/Content/ActualAssets/Walk/frame0018_Sprite.uasset" 182
"C:/Users/Guest2/Documents/Unreal Projects/IAmSadder/IAmSad/Content/ActualAssets/Walk/frame0018_Sprite.uexp" 183
"C:/Users/Guest2/Documents/Unreal Projects/IAmSadder/IAmSad/Content/ActualAssets/Walk/frame0007.uasset" 184
"C:/Users/Guest2/Documents/Unreal Projects/IAmSadder/IAmSad/Content/ActualAssets/Walk/frame0007.uexp" 185
"C:/Users/Guest2/Documents/Unreal Projects/IAmSadder/IAmSad/Content/ActualAssets/Walk/frame0007_Sprite.uasset" 186
"C:/Users/Guest2/Documents/Unreal Projects/IAmSadder/IAmSad/Content/ActualAssets/Walk/frame0007_Sprite.uexp" 187
"C:/Users/Guest2/Documents/Unreal Projects/IAmSadder/IAmSad/Content/ActualAssets/Walk/frame0025.uasset" 188
"C:/Users/Guest2/Documents/Unreal Projects/IAmSadder/IAmSad/Content/ActualAssets/Walk/frame0025.uexp" 189
"C:/Users/Guest2/Documents/Unreal Projects/IAmSadder/IAmSad/Content/ActualAssets/Walk/frame0025_Sprite.uasset" 190
"C:/Users/Guest2/Documents/Unreal Projects/IAmSadder/IAmSad/Content/ActualAssets/Walk/frame0025_Sprite.uexp" 191
"C:/Users/Guest2/Documents/Unreal Projects/IAmSadder/IAmSad/Content/ActualAssets/Walk/frame0027.uasset" 192
"C:/Users/Guest2/Documents/Unreal Projects/IAmSadder/IAmSad/Content/ActualAssets/Walk/frame0027.uexp" 193
"C:/Users/Guest2/Documents/Unreal Projects/IAmSadder/IAmSad/Content/ActualAssets/Walk/frame0027_Sprite.uasset" 194
"C:/Users/Guest2/Documents/Unreal Projects/IAmSadder/IAmSad/Content/ActualAssets/Walk/frame0027_Sprite.uexp" 195
"C:/Users/Guest2/Documents/Unreal Projects/IAmSadder/IAmSad/Content/ActualAssets/Walk/frame0015.uasset" 196
"C:/Users/Guest2/Documents/Unreal Projects/IAmSadder/IAmSad/Content/ActualAssets/Walk/frame0015.uexp" 197
"C:/Users/Guest2/Documents/Unreal Projects/IAmSadder/IAmSad/Content/ActualAssets/Walk/frame0015_Sprite.uasset" 198
"C:/Users/Guest2/Documents/Unreal Projects/IAmSadder/IAmSad/Content/ActualAssets/Walk/frame0015_Sprite.uexp" 199
"C:/Users/Guest2/Documents/Unreal Projects/IAmSadder/IAmSad/Content/ActualAssets/Walk/frame0003.uasset" 200
"C:/Users/Guest2/Documents/Unreal Projects/IAmSadder/IAmSad/Content/ActualAssets/Walk/frame0003.uexp" 201
"C:/Users/Guest2/Documents/Unreal Projects/IAmSadder/IAmSad/Content/ActualAssets/Walk/frame0003_Sprite.uasset" 202
"C:/Users/Guest2/Documents/Unreal Projects/IAmSadder/IAmSad/Content/ActualAssets/Walk/frame0003_Sprite.uexp" 203
"C:/Users/Guest2/Documents/Unreal Projects/IAmSadder/IAmSad/Content/ActualAssets/Walk/frame0004.uasset" 204
"C:/Users/Guest2/Documents/Unreal Projects/IAmSadder/IAmSad/Content/ActualAssets/Walk/frame0004.uexp" 205
"C:/Users/Guest2/Documents/Unreal Projects/IAmSadder/IAmSad/Content/ActualAssets/Walk/frame0004_Sprite.uasset" 206
"C:/Users/Guest2/Documents/Unreal Projects/IAmSadder/IAmSad/Content/ActualAssets/Walk/frame0004_Sprite.uexp" 207
"C:/Users/Guest2/Documents/Unreal Projects/IAmSadder/IAmSad/Content/ActualAssets/Walk/frame0017.uasset" 208
"C:/Users/Guest2/Documents/Unreal Projects/IAmSadder/IAmSad/Content/ActualAssets/Walk/frame0017.uexp" 209
"C:/Users/Guest2/Documents/Unreal Projects/IAmSadder/IAmSad/Content/ActualAssets/Walk/frame0017_Sprite.uasset" 210
"C:/Users/Guest2/Documents/Unreal Projects/IAmSadder/IAmSad/Content/ActualAssets/Walk/frame0017_Sprite.uexp" 211
"C:/Users/Guest2/Documents/Unreal Projects/IAmSadder/IAmSad/Content/ActualAssets/Walk/frame0020.uasset" 212
"C:/Users/Guest2/Documents/Unreal Projects/IAmSadder/IAmSad/Content/ActualAssets/Walk/frame0020.uexp" 213
"C:/Users/Guest2/Documents/Unreal Projects/IAmSadder/IAmSad/Content/ActualAssets/Walk/frame0020_Sprite.uasset" 214
"C:/Users/Guest2/Documents/Unreal Projects/IAmSadder/IAmSad/Content/ActualAssets/Walk/frame0020_Sprite.uexp" 215
"C:/Users/Guest2/Documents/Unreal Projects/IAmSadder/IAmSad/Content/ActualAssets/Walk/frame0029.uasset" 216
"C:/Users/Guest2/Documents/Unreal Projects/IAmSadder/IAmSad/Content/ActualAssets/Walk/frame0029.uexp" 217
"C:/Users/Guest2/Documents/Unreal Projects/IAmSadder/IAmSad/Content/ActualAssets/Walk/frame0029_Sprite.uasset" 218
"C:/Users/Guest2/Documents/Unreal Projects/IAmSadder/IAmSad/Content/ActualAssets/Walk/frame0029_Sprite.uexp" 219
"C:/Users/Guest2/Documents/Unreal Projects/IAmSadder/IAmSad/Content/ActualAssets/Walk/frame0028.uasset" 220
"C:/Users/Guest2/Documents/Unreal Projects/IAmSadder/IAmSad/Content/ActualAssets/Walk/frame0028.uexp" 221
"C:/Users/Guest2/Documents/Unreal Projects/IAmSadder/IAmSad/Content/ActualAssets/Walk/frame0028_Sprite.uasset" 222
"C:/Users/Guest2/Documents/Unreal Projects/IAmSadder/IAmSad/Content/ActualAssets/Walk/frame0028_Sprite.uexp" 223
"C:/Users/Guest2/Documents/Unreal Projects/IAmSadder/IAmSad/Content/ActualAssets/Walk/frame0022.uasset" 224
"C:/Users/Guest2/Documents/Unreal Projects/IAmSadder/IAmSad/Content/ActualAssets/Walk/frame0022.uexp" 225
"C:/Users/Guest2/Documents/Unreal Projects/IAmSadder/IAmSad/Content/ActualAssets/Walk/frame0022_Sprite.uasset" 226
"C:/Users/Guest2/Documents/Unreal Projects/IAmSadder/IAmSad/Content/ActualAssets/Walk/frame0022_Sprite.uexp" 227
"C:/Users/Guest2/Documents/Unreal Projects/IAmSadder/IAmSad/Content/ActualAssets/Walk/frame0010.uasset" 228
"C:/Users/Guest2/Documents/Unreal Projects/IAmSadder/IAmSad/Content/ActualAssets/Walk/frame0010.uexp" 229
"C:/Users/Guest2/Documents/Unreal Projects/IAmSadder/IAmSad/Content/ActualAssets/Walk/frame0010_Sprite.uasset" 230
"C:/Users/Guest2/Documents/Unreal Projects/IAmSadder/IAmSad/Content/ActualAssets/Walk/frame0010_Sprite.uexp" 231
"C:/Users/Guest2/Documents/Unreal Projects/IAmSadder/IAmSad/Content/ActualAssets/Walk/frame0014.uasset" 232
"C:/Users/Guest2/Documents/Unreal Projects/IAmSadder/IAmSad/Content/ActualAssets/Walk/frame0014.uexp" 233
"C:/Users/Guest2/Documents/Unreal Projects/IAmSadder/IAmSad/Content/ActualAssets/Walk/frame0014_Sprite.uasset" 234
"C:/Users/Guest2/Documents/Unreal Projects/IAmSadder/IAmSad/Content/ActualAssets/Walk/frame0014_Sprite.uexp" 235
"C:/Users/Guest2/Documents/Unreal Projects/IAmSadder/IAmSad/Content/ActualAssets/Walk/frame0013.uasset" 236
"C:/Users/Guest2/Documents/Unreal Projects/IAmSadder/IAmSad/Content/ActualAssets/Walk/frame0013.uexp" 237
"C:/Users/Guest2/Documents/Unreal Projects/IAmSadder/IAmSad/Content/ActualAssets/Walk/frame0013_Sprite.uasset" 238
"C:/Users/Guest2/Documents/Unreal Projects/IAmSadder/IAmSad/Content/ActualAssets/Walk/frame0013_Sprite.uexp" 239
"C:/Users/Guest2/Documents/Unreal Projects/IAmSadder/IAmSad/Content/ActualAssets/Walk/frame0030.uasset" 240
"C:/Users/Guest2/Documents/Unreal Projects/IAmSadder/IAmSad/Content/ActualAssets/Walk/frame0030.uexp" 241
"C:/Users/Guest2/Documents/Unreal Projects/IAmSadder/IAmSad/Content/ActualAssets/Walk/frame0030_Sprite.uasset" 242
"C:/Users/Guest2/Documents/Unreal Projects/IAmSadder/IAmSad/Content/ActualAssets/Walk/frame0030_Sprite.uexp" 243
"C:/Users/Guest2/Documents/Unreal Projects/IAmSadder/IAmSad/Content/ActualAssets/Walk/frame0000.uasset" 244
"C:/Users/Guest2/Documents/Unreal Projects/IAmSadder/IAmSad/Content/ActualAssets/Walk/frame0000.uexp" 245
"C:/Users/Guest2/Documents/Unreal Projects/IAmSadder/IAmSad/Content/ActualAssets/Walk/frame0000_Sprite.uasset" 246
"C:/Users/Guest2/Documents/Unreal Projects/IAmSadder/IAmSad/Content/ActualAssets/Walk/frame0000_Sprite.uexp" 247
"C:/Users/Guest2/Documents/Unreal Projects/IAmSadder/IAmSad/Content/ActualAssets/Walk/frame0026.uasset" 248
"C:/Users/Guest2/Documents/Unreal Projects/IAmSadder/IAmSad/Content/ActualAssets/Walk/frame0026.uexp" 249
"C:/Users/Guest2/Documents/Unreal Projects/IAmSadder/IAmSad/Content/ActualAssets/Walk/frame0026_Sprite.uasset" 250
"C:/Users/Guest2/Documents/Unreal Projects/IAmSadder/IAmSad/Content/ActualAssets/Walk/frame0026_Sprite.uexp" 251
"C:/Users/Guest2/Documents/Unreal Projects/IAmSadder/IAmSad/Content/ActualAssets/Walk/frame0006.uasset" 252
"C:/Users/Guest2/Documents/Unreal Projects/IAmSadder/IAmSad/Content/ActualAssets/Walk/frame0006.uexp" 253
"C:/Users/Guest2/Documents/Unreal Projects/IAmSadder/IAmSad/Content/ActualAssets/Walk/frame0006_Sprite.uasset" 254
"C:/Users/Guest2/Documents/Unreal Projects/IAmSadder/IAmSad/Content/ActualAssets/Walk/frame0006_Sprite.uexp" 255
"C:/Users/Guest2/Documents/Unreal Projects/IAmSadder/IAmSad/Content/ActualAssets/Walk/frame0008.uasset" 256
"C:/Users/Guest2/Documents/Unreal Projects/IAmSadder/IAmSad/Content/ActualAssets/Walk/frame0008.uexp" 257
"C:/Users/Guest2/Documents/Unreal Projects/IAmSadder/IAmSad/Content/ActualAssets/Walk/frame0008_Sprite.uasset" 258
"C:/Users/Guest2/Documents/Unreal Projects/IAmSadder/IAmSad/Content/ActualAssets/Walk/frame0008_Sprite.uexp" 259
"C:/Users/Guest2/Documents/Unreal Projects/IAmSadder/IAmSad/Content/ActualAssets/Walk/frame0005.uasset" 260
"C:/Users/Guest2/Documents/Unreal Projects/IAmSadder/IAmSad/Content/ActualAssets/Walk/frame0005.uexp" 261
"C:/Users/Guest2/Documents/Unreal Projects/IAmSadder/IAmSad/Content/ActualAssets/Walk/frame0005_Sprite.uasset" 262
"C:/Users/Guest2/Documents/Unreal Projects/IAmSadder/IAmSad/Content/ActualAssets/Walk/frame0005_Sprite.uexp" 263
"C:/Users/Guest2/Documents/Unreal Projects/IAmSadder/IAmSad/Content/ActualAssets/Walk/frame0019.uasset" 264
"C:/Users/Guest2/Documents/Unreal Projects/IAmSadder/IAmSad/Content/ActualAssets/Walk/frame0019.uexp" 265
"C:/Users/Guest2/Documents/Unreal Projects/IAmSadder/IAmSad/Content/ActualAssets/Walk/frame0019_Sprite.uasset" 266
"C:/Users/Guest2/Documents/Unreal Projects/IAmSadder/IAmSad/Content/ActualAssets/Walk/frame0019_Sprite.uexp" 267
"C:/Users/Guest2/Documents/Unreal Projects/IAmSadder/IAmSad/Content/ActualAssets/Walk/frame0009.uasset" 268
"C:/Users/Guest2/Documents/Unreal Projects/IAmSadder/IAmSad/Content/ActualAssets/Walk/frame0009.uexp" 269
"C:/Users/Guest2/Documents/Unreal Projects/IAmSadder/IAmSad/Content/ActualAssets/Walk/frame0009_Sprite.uasset" 270
"C:/Users/Guest2/Documents/Unreal Projects/IAmSadder/IAmSad/Content/ActualAssets/Walk/frame0009_Sprite.uexp" 271
"C:/Users/Guest2/Documents/Unreal Projects/IAmSadder/IAmSad/Content/ActualAssets/Walk/frame0002.uasset" 272
"C:/Users/Guest2/Documents/Unreal Projects/IAmSadder/IAmSad/Content/ActualAssets/Walk/frame0002.uexp" 273
"C:/Users/Guest2/Documents/Unreal Projects/IAmSadder/IAmSad/Content/ActualAssets/Walk/frame0002_Sprite.uasset" 274
"C:/Users/Guest2/Documents/Unreal Projects/IAmSadder/IAmSad/Content/ActualAssets/Walk/frame0002_Sprite.uexp" 275
"C:/Users/Guest2/Documents/Unreal Projects/IAmSadder/IAmSad/Content/ActualAssets/Walk/frame0021.uasset" 276
"C:/Users/Guest2/Documents/Unreal Projects/IAmSadder/IAmSad/Content/ActualAssets/Walk/frame0021.uexp" 277
"C:/Users/Guest2/Documents/Unreal Projects/IAmSadder/IAmSad/Content/ActualAssets/Walk/frame0021_Sprite.uasset" 278
"C:/Users/Guest2/Documents/Unreal Projects/IAmSadder/IAmSad/Content/ActualAssets/Walk/frame0021_Sprite.uexp" 279
"C:/Users/Guest2/Documents/Unreal Projects/IAmSadder/IAmSad/Content/ActualAssets/Walk/frame0001.uasset" 280
"C:/Users/Guest2/Documents/Unreal Projects/IAmSadder/IAmSad/Content/ActualAssets/Walk/frame0001.uexp" 281
"C:/Users/Guest2/Documents/Unreal Projects/IAmSadder/IAmSad/Content/ActualAssets/Walk/frame0001_Sprite.uasset" 282
"C:/Users/Guest2/Documents/Unreal Projects/IAmSadder/IAmSad/Content/ActualAssets/Walk/frame0001_Sprite.uexp" 283
"C:/Users/Guest2/Documents/Unreal Projects/IAmSadder/IAmSad/Content/ActualAssets/Walk/frame0024.uasset" 284
"C:/Users/Guest2/Documents/Unreal Projects/IAmSadder/IAmSad/Content/ActualAssets/Walk/frame0024.uexp" 285
"C:/Users/Guest2/Documents/Unreal Projects/IAmSadder/IAmSad/Content/ActualAssets/Walk/frame0024_Sprite.uasset" 286
"C:/Users/Guest2/Documents/Unreal Projects/IAmSadder/IAmSad/Content/ActualAssets/Walk/frame0024_Sprite.uexp" 287
"C:/Users/Guest2/Documents/Unreal Projects/IAmSadder/IAmSad/Content/ActualAssets/Walk/frame0012.uasset" 288
"C:/Users/Guest2/Documents/Unreal Projects/IAmSadder/IAmSad/Content/ActualAssets/Walk/frame0012.uexp" 289
"C:/Users/Guest2/Documents/Unreal Projects/IAmSadder/IAmSad/Content/ActualAssets/Walk/frame0012_Sprite.uasset" 290
"C:/Users/Guest2/Documents/Unreal Projects/IAmSadder/IAmSad/Content/ActualAssets/Walk/frame0012_Sprite.uexp" 291
"C:/Users/Guest2/Documents/Unreal Projects/IAmSadder/IAmSad/Content/ActualAssets/Walk/Run.uasset" 292
"C:/Users/Guest2/Documents/Unreal Projects/IAmSadder/IAmSad/Content/ActualAssets/Walk/Run.uexp" 293
"C:/Users/Guest2/Documents/Unreal Projects/IAmSadder/IAmSad/Content/ActualAssets/Sounds/ClippedSounds/Ouchy.ubulk" 294
"C:/Users/Guest2/Documents/Unreal Projects/IAmSadder/IAmSad/Content/ActualAssets/Sounds/ClippedSounds/Ouchy.uasset" 295
"C:/Users/Guest2/Documents/Unreal Projects/IAmSadder/IAmSad/Content/ActualAssets/Sounds/ClippedSounds/Ouchy.uexp" 296
"C:/Users/Guest2/Documents/Unreal Projects/IAmSadder/IAmSad/Content/ActualAssets/Idle/frame0012.uasset" 297
"C:/Users/Guest2/Documents/Unreal Projects/IAmSadder/IAmSad/Content/ActualAssets/Idle/frame0012.uexp" 298
"C:/Users/Guest2/Documents/Unreal Projects/IAmSadder/IAmSad/Content/ActualAssets/Idle/frame0012_Sprite.uasset" 299
"C:/Users/Guest2/Documents/Unreal Projects/IAmSadder/IAmSad/Content/ActualAssets/Idle/frame0012_Sprite.uexp" 300
"C:/Users/Guest2/Documents/Unreal Projects/IAmSadder/IAmSad/Content/ActualAssets/Idle/frame0014.uasset" 301
"C:/Users/Guest2/Documents/Unreal Projects/IAmSadder/IAmSad/Content/ActualAssets/Idle/frame0014.uexp" 302
"C:/Users/Guest2/Documents/Unreal Projects/IAmSadder/IAmSad/Content/ActualAssets/Idle/frame0014_Sprite.uasset" 303
"C:/Users/Guest2/Documents/Unreal Projects/IAmSadder/IAmSad/Content/ActualAssets/Idle/frame0014_Sprite.uexp" 304
"C:/Users/Guest2/Documents/Unreal Projects/IAmSadder/IAmSad/Content/ActualAssets/Idle/frame0003.uasset" 305
"C:/Users/Guest2/Documents/Unreal Projects/IAmSadder/IAmSad/Content/ActualAssets/Idle/frame0003.uexp" 306
"C:/Users/Guest2/Documents/Unreal Projects/IAmSadder/IAmSad/Content/ActualAssets/Idle/frame0003_Sprite.uasset" 307
"C:/Users/Guest2/Documents/Unreal Projects/IAmSadder/IAmSad/Content/ActualAssets/Idle/frame0003_Sprite.uexp" 308
"C:/Users/Guest2/Documents/Unreal Projects/IAmSadder/IAmSad/Content/ActualAssets/Idle/frame0018.uasset" 309
"C:/Users/Guest2/Documents/Unreal Projects/IAmSadder/IAmSad/Content/ActualAssets/Idle/frame0018.uexp" 310
"C:/Users/Guest2/Documents/Unreal Projects/IAmSadder/IAmSad/Content/ActualAssets/Idle/frame0018_Sprite.uasset" 311
"C:/Users/Guest2/Documents/Unreal Projects/IAmSadder/IAmSad/Content/ActualAssets/Idle/frame0018_Sprite.uexp" 312
"C:/Users/Guest2/Documents/Unreal Projects/IAmSadder/IAmSad/Content/ActualAssets/Idle/frame0021.uasset" 313
"C:/Users/Guest2/Documents/Unreal Projects/IAmSadder/IAmSad/Content/ActualAssets/Idle/frame0021.uexp" 314
"C:/Users/Guest2/Documents/Unreal Projects/IAmSadder/IAmSad/Content/ActualAssets/Idle/frame0021_Sprite.uasset" 315
"C:/Users/Guest2/Documents/Unreal Projects/IAmSadder/IAmSad/Content/ActualAssets/Idle/frame0021_Sprite.uexp" 316
"C:/Users/Guest2/Documents/Unreal Projects/IAmSadder/IAmSad/Content/ActualAssets/Idle/frame0007.uasset" 317
"C:/Users/Guest2/Documents/Unreal Projects/IAmSadder/IAmSad/Content/ActualAssets/Idle/frame0007.uexp" 318
"C:/Users/Guest2/Documents/Unreal Projects/IAmSadder/IAmSad/Content/ActualAssets/Idle/frame0007_Sprite.uasset" 319
"C:/Users/Guest2/Documents/Unreal Projects/IAmSadder/IAmSad/Content/ActualAssets/Idle/frame0007_Sprite.uexp" 320
"C:/Users/Guest2/Documents/Unreal Projects/IAmSadder/IAmSad/Content/ActualAssets/Idle/frame0000.uasset" 321
"C:/Users/Guest2/Documents/Unreal Projects/IAmSadder/IAmSad/Content/ActualAssets/Idle/frame0000.uexp" 322
"C:/Users/Guest2/Documents/Unreal Projects/IAmSadder/IAmSad/Content/ActualAssets/Idle/frame0000_Sprite.uasset" 323
"C:/Users/Guest2/Documents/Unreal Projects/IAmSadder/IAmSad/Content/ActualAssets/Idle/frame0000_Sprite.uexp" 324
"C:/Users/Guest2/Documents/Unreal Projects/IAmSadder/IAmSad/Content/ActualAssets/Idle/frame0005.uasset" 325
"C:/Users/Guest2/Documents/Unreal Projects/IAmSadder/IAmSad/Content/ActualAssets/Idle/frame0005.uexp" 326
"C:/Users/Guest2/Documents/Unreal Projects/IAmSadder/IAmSad/Content/ActualAssets/Idle/frame0005_Sprite.uasset" 327
"C:/Users/Guest2/Documents/Unreal Projects/IAmSadder/IAmSad/Content/ActualAssets/Idle/frame0005_Sprite.uexp" 328
"C:/Users/Guest2/Documents/Unreal Projects/IAmSadder/IAmSad/Content/ActualAssets/Idle/frame0013.uasset" 329
"C:/Users/Guest2/Documents/Unreal Projects/IAmSadder/IAmSad/Content/ActualAssets/Idle/frame0013.uexp" 330
"C:/Users/Guest2/Documents/Unreal Projects/IAmSadder/IAmSad/Content/ActualAssets/Idle/frame0013_Sprite.uasset" 331
"C:/Users/Guest2/Documents/Unreal Projects/IAmSadder/IAmSad/Content/ActualAssets/Idle/frame0013_Sprite.uexp" 332
"C:/Users/Guest2/Documents/Unreal Projects/IAmSadder/IAmSad/Content/ActualAssets/Idle/frame0023.uasset" 333
"C:/Users/Guest2/Documents/Unreal Projects/IAmSadder/IAmSad/Content/ActualAssets/Idle/frame0023.uexp" 334
"C:/Users/Guest2/Documents/Unreal Projects/IAmSadder/IAmSad/Content/ActualAssets/Idle/frame0023_Sprite.uasset" 335
"C:/Users/Guest2/Documents/Unreal Projects/IAmSadder/IAmSad/Content/ActualAssets/Idle/frame0023_Sprite.uexp" 336
"C:/Users/Guest2/Documents/Unreal Projects/IAmSadder/IAmSad/Content/ActualAssets/Idle/frame0020.uasset" 337
"C:/Users/Guest2/Documents/Unreal Projects/IAmSadder/IAmSad/Content/ActualAssets/Idle/frame0020.uexp" 338
"C:/Users/Guest2/Documents/Unreal Projects/IAmSadder/IAmSad/Content/ActualAssets/Idle/frame0020_Sprite.uasset" 339
"C:/Users/Guest2/Documents/Unreal Projects/IAmSadder/IAmSad/Content/ActualAssets/Idle/frame0020_Sprite.uexp" 340
"C:/Users/Guest2/Documents/Unreal Projects/IAmSadder/IAmSad/Content/ActualAssets/Idle/frame0011.uasset" 341
"C:/Users/Guest2/Documents/Unreal Projects/IAmSadder/IAmSad/Content/ActualAssets/Idle/frame0011.uexp" 342
"C:/Users/Guest2/Documents/Unreal Projects/IAmSadder/IAmSad/Content/ActualAssets/Idle/frame0011_Sprite.uasset" 343
"C:/Users/Guest2/Documents/Unreal Projects/IAmSadder/IAmSad/Content/ActualAssets/Idle/frame0011_Sprite.uexp" 344
"C:/Users/Guest2/Documents/Unreal Projects/IAmSadder/IAmSad/Content/ActualAssets/Idle/frame0008.uasset" 345
"C:/Users/Guest2/Documents/Unreal Projects/IAmSadder/IAmSad/Content/ActualAssets/Idle/frame0008.uexp" 346
"C:/Users/Guest2/Documents/Unreal Projects/IAmSadder/IAmSad/Content/ActualAssets/Idle/frame0008_Sprite.uasset" 347
"C:/Users/Guest2/Documents/Unreal Projects/IAmSadder/IAmSad/Content/ActualAssets/Idle/frame0008_Sprite.uexp" 348
"C:/Users/Guest2/Documents/Unreal Projects/IAmSadder/IAmSad/Content/ActualAssets/Idle/frame0006.uasset" 349
"C:/Users/Guest2/Documents/Unreal Projects/IAmSadder/IAmSad/Content/ActualAssets/Idle/frame0006.uexp" 350
"C:/Users/Guest2/Documents/Unreal Projects/IAmSadder/IAmSad/Content/ActualAssets/Idle/frame0006_Sprite.uasset" 351
"C:/Users/Guest2/Documents/Unreal Projects/IAmSadder/IAmSad/Content/ActualAssets/Idle/frame0006_Sprite.uexp" 352
"C:/Users/Guest2/Documents/Unreal Projects/IAmSadder/IAmSad/Content/ActualAssets/Idle/frame0009.uasset" 353
"C:/Users/Guest2/Documents/Unreal Projects/IAmSadder/IAmSad/Content/ActualAssets/Idle/frame0009.uexp" 354
"C:/Users/Guest2/Documents/Unreal Projects/IAmSadder/IAmSad/Content/ActualAssets/Idle/frame0009_Sprite.uasset" 355
"C:/Users/Guest2/Documents/Unreal Projects/IAmSadder/IAmSad/Content/ActualAssets/Idle/frame0009_Sprite.uexp" 356
"C:/Users/Guest2/Documents/Unreal Projects/IAmSadder/IAmSad/Content/ActualAssets/Idle/frame0004.uasset" 357
"C:/Users/Guest2/Documents/Unreal Projects/IAmSadder/IAmSad/Content/ActualAssets/Idle/frame0004.uexp" 358
"C:/Users/Guest2/Documents/Unreal Projects/IAmSadder/IAmSad/Content/ActualAssets/Idle/frame0004_Sprite.uasset" 359
"C:/Users/Guest2/Documents/Unreal Projects/IAmSadder/IAmSad/Content/ActualAssets/Idle/frame0004_Sprite.uexp" 360
"C:/Users/Guest2/Documents/Unreal Projects/IAmSadder/IAmSad/Content/ActualAssets/Idle/frame0002.uasset" 361
"C:/Users/Guest2/Documents/Unreal Projects/IAmSadder/IAmSad/Content/ActualAssets/Idle/frame0002.uexp" 362
"C:/Users/Guest2/Documents/Unreal Projects/IAmSadder/IAmSad/Content/ActualAssets/Idle/frame0002_Sprite.uasset" 363
"C:/Users/Guest2/Documents/Unreal Projects/IAmSadder/IAmSad/Content/ActualAssets/Idle/frame0002_Sprite.uexp" 364
"C:/Users/Guest2/Documents/Unreal Projects/IAmSadder/IAmSad/Content/ActualAssets/Idle/frame0024.uasset" 365
"C:/Users/Guest2/Documents/Unreal Projects/IAmSadder/IAmSad/Content/ActualAssets/Idle/frame0024.uexp" 366
"C:/Users/Guest2/Documents/Unreal Projects/IAmSadder/IAmSad/Content/ActualAssets/Idle/frame0024_Sprite.uasset" 367
"C:/Users/Guest2/Documents/Unreal Projects/IAmSadder/IAmSad/Content/ActualAssets/Idle/frame0024_Sprite.uexp" 368
"C:/Users/Guest2/Documents/Unreal Projects/IAmSadder/IAmSad/Content/ActualAssets/Idle/frame0001.uasset" 369
"C:/Users/Guest2/Documents/Unreal Projects/IAmSadder/IAmSad/Content/ActualAssets/Idle/frame0001.uexp" 370
"C:/Users/Guest2/Documents/Unreal Projects/IAmSadder/IAmSad/Content/ActualAssets/Idle/frame0001_Sprite.uasset" 371
"C:/Users/Guest2/Documents/Unreal Projects/IAmSadder/IAmSad/Content/ActualAssets/Idle/frame0001_Sprite.uexp" 372
"C:/Users/Guest2/Documents/Unreal Projects/IAmSadder/IAmSad/Content/ActualAssets/Idle/frame0015.uasset" 373
"C:/Users/Guest2/Documents/Unreal Projects/IAmSadder/IAmSad/Content/ActualAssets/Idle/frame0015.uexp" 374
"C:/Users/Guest2/Documents/Unreal Projects/IAmSadder/IAmSad/Content/ActualAssets/Idle/frame0015_Sprite.uasset" 375
"C:/Users/Guest2/Documents/Unreal Projects/IAmSadder/IAmSad/Content/ActualAssets/Idle/frame0015_Sprite.uexp" 376
"C:/Users/Guest2/Documents/Unreal Projects/IAmSadder/IAmSad/Content/ActualAssets/Idle/frame0019.uasset" 377
"C:/Users/Guest2/Documents/Unreal Projects/IAmSadder/IAmSad/Content/ActualAssets/Idle/frame0019.uexp" 378
"C:/Users/Guest2/Documents/Unreal Projects/IAmSadder/IAmSad/Content/ActualAssets/Idle/frame0019_Sprite.uasset" 379
"C:/Users/Guest2/Documents/Unreal Projects/IAmSadder/IAmSad/Content/ActualAssets/Idle/frame0019_Sprite.uexp" 380
"C:/Users/Guest2/Documents/Unreal Projects/IAmSadder/IAmSad/Content/ActualAssets/Idle/frame0010.uasset" 381
"C:/Users/Guest2/Documents/Unreal Projects/IAmSadder/IAmSad/Content/ActualAssets/Idle/frame0010.uexp" 382
"C:/Users/Guest2/Documents/Unreal Projects/IAmSadder/IAmSad/Content/ActualAssets/Idle/frame0010_Sprite.uasset" 383
"C:/Users/Guest2/Documents/Unreal Projects/IAmSadder/IAmSad/Content/ActualAssets/Idle/frame0010_Sprite.uexp" 384
"C:/Users/Guest2/Documents/Unreal Projects/IAmSadder/IAmSad/Content/ActualAssets/Idle/frame0022.uasset" 385
"C:/Users/Guest2/Documents/Unreal Projects/IAmSadder/IAmSad/Content/ActualAssets/Idle/frame0022.uexp" 386
"C:/Users/Guest2/Documents/Unreal Projects/IAmSadder/IAmSad/Content/ActualAssets/Idle/frame0022_Sprite.uasset" 387
"C:/Users/Guest2/Documents/Unreal Projects/IAmSadder/IAmSad/Content/ActualAssets/Idle/frame0022_Sprite.uexp" 388
"C:/Users/Guest2/Documents/Unreal Projects/IAmSadder/IAmSad/Content/ActualAssets/Idle/frame0017.uasset" 389
"C:/Users/Guest2/Documents/Unreal Projects/IAmSadder/IAmSad/Content/ActualAssets/Idle/frame0017.uexp" 390
"C:/Users/Guest2/Documents/Unreal Projects/IAmSadder/IAmSad/Content/ActualAssets/Idle/frame0017_Sprite.uasset" 391
"C:/Users/Guest2/Documents/Unreal Projects/IAmSadder/IAmSad/Content/ActualAssets/Idle/frame0017_Sprite.uexp" 392
"C:/Users/Guest2/Documents/Unreal Projects/IAmSadder/IAmSad/Content/ActualAssets/Idle/frame0016.uasset" 393
"C:/Users/Guest2/Documents/Unreal Projects/IAmSadder/IAmSad/Content/ActualAssets/Idle/frame0016.uexp" 394
"C:/Users/Guest2/Documents/Unreal Projects/IAmSadder/IAmSad/Content/ActualAssets/Idle/frame0016_Sprite.uasset" 395
"C:/Users/Guest2/Documents/Unreal Projects/IAmSadder/IAmSad/Content/ActualAssets/Idle/frame0016_Sprite.uexp" 396
"C:/Users/Guest2/Documents/Unreal Projects/IAmSadder/IAmSad/Content/ActualAssets/Idle/Idle.uasset" 397
"C:/Users/Guest2/Documents/Unreal Projects/IAmSadder/IAmSad/Content/ActualAssets/Idle/Idle.uexp" 398
"C:/Users/Guest2/Documents/Unreal Projects/IAmSadder/IAmSad/Content/Characters/Mannequins/Meshes/SK_Mannequin.uasset" 399
"C:/Users/Guest2/Documents/Unreal Projects/IAmSadder/IAmSad/Content/Characters/Mannequins/Meshes/SK_Mannequin.uexp" 400
"C:/Users/Guest2/Documents/Unreal Projects/IAmSadder/IAmSad/Content/Characters/Mannequins/Textures/Quinn/T_Quinn_02ID_MSR_MSK.ubulk" 401
"C:/Users/Guest2/Documents/Unreal Projects/IAmSadder/IAmSad/Content/Characters/Mannequins/Textures/Quinn/T_Quinn_02ID_MSR_MSK.uasset" 402
"C:/Users/Guest2/Documents/Unreal Projects/IAmSadder/IAmSad/Content/Characters/Mannequins/Textures/Quinn/T_Quinn_02ID_MSR_MSK.uexp" 403
"C:/Users/Guest2/Documents/Unreal Projects/IAmSadder/IAmSad/Content/Characters/Mannequins/Textures/Quinn/T_Quinn_02ID_BN.ubulk" 404
"C:/Users/Guest2/Documents/Unreal Projects/IAmSadder/IAmSad/Content/Characters/Mannequins/Textures/Quinn/T_Quinn_02ID_BN.uasset" 405
"C:/Users/Guest2/Documents/Unreal Projects/IAmSadder/IAmSad/Content/Characters/Mannequins/Textures/Quinn/T_Quinn_02ID_BN.uexp" 406
"C:/Users/Guest2/Documents/Unreal Projects/IAmSadder/IAmSad/Content/Characters/Mannequins/Textures/Quinn/T_Quinn_02_ASAOMASK_MSK.ubulk" 407
"C:/Users/Guest2/Documents/Unreal Projects/IAmSadder/IAmSad/Content/Characters/Mannequins/Textures/Quinn/T_Quinn_02_ASAOMASK_MSK.uasset" 408
"C:/Users/Guest2/Documents/Unreal Projects/IAmSadder/IAmSad/Content/Characters/Mannequins/Textures/Quinn/T_Quinn_02_ASAOMASK_MSK.uexp" 409
"C:/Users/Guest2/Documents/Unreal Projects/IAmSadder/IAmSad/Content/Characters/Mannequins/Textures/Quinn/T_Quinn_02_CCRCCPlastic_MSK.ubulk" 410
"C:/Users/Guest2/Documents/Unreal Projects/IAmSadder/IAmSad/Content/Characters/Mannequins/Textures/Quinn/T_Quinn_02_CCRCCPlastic_MSK.uasset" 411
"C:/Users/Guest2/Documents/Unreal Projects/IAmSadder/IAmSad/Content/Characters/Mannequins/Textures/Quinn/T_Quinn_02_CCRCCPlastic_MSK.uexp" 412
"C:/Users/Guest2/Documents/Unreal Projects/IAmSadder/IAmSad/Content/Characters/Mannequins/Textures/Quinn/T_Quinn_02ID_Tan.ubulk" 413
"C:/Users/Guest2/Documents/Unreal Projects/IAmSadder/IAmSad/Content/Characters/Mannequins/Textures/Quinn/T_Quinn_02ID_Tan.uasset" 414
"C:/Users/Guest2/Documents/Unreal Projects/IAmSadder/IAmSad/Content/Characters/Mannequins/Textures/Quinn/T_Quinn_02ID_Tan.uexp" 415
"C:/Users/Guest2/Documents/Unreal Projects/IAmSadder/IAmSad/Content/Characters/Mannequins/Textures/Quinn/T_Quinn_02ID_D.ubulk" 416
"C:/Users/Guest2/Documents/Unreal Projects/IAmSadder/IAmSad/Content/Characters/Mannequins/Textures/Quinn/T_Quinn_02ID_D.uasset" 417
"C:/Users/Guest2/Documents/Unreal Projects/IAmSadder/IAmSad/Content/Characters/Mannequins/Textures/Quinn/T_Quinn_02ID_D.uexp" 418
"C:/Users/Guest2/Documents/Unreal Projects/IAmSadder/IAmSad/Content/Characters/Mannequins/Textures/Quinn/T_Quinn_01ID_MSR_MSK.ubulk" 419
"C:/Users/Guest2/Documents/Unreal Projects/IAmSadder/IAmSad/Content/Characters/Mannequins/Textures/Quinn/T_Quinn_01ID_MSR_MSK.uasset" 420
"C:/Users/Guest2/Documents/Unreal Projects/IAmSadder/IAmSad/Content/Characters/Mannequins/Textures/Quinn/T_Quinn_01ID_MSR_MSK.uexp" 421
"C:/Users/Guest2/Documents/Unreal Projects/IAmSadder/IAmSad/Content/Characters/Mannequins/Materials/Functions/ChromaticCurve.uasset" 422
"C:/Users/Guest2/Documents/Unreal Projects/IAmSadder/IAmSad/Content/Characters/Mannequins/Materials/Functions/ChromaticCurve.uexp" 423
"C:/Users/Guest2/Documents/Unreal Projects/IAmSadder/IAmSad/Content/Characters/Mannequins/Materials/Functions/CA_Mannequin.uasset" 424
"C:/Users/Guest2/Documents/Unreal Projects/IAmSadder/IAmSad/Content/Characters/Mannequins/Materials/Functions/CA_Mannequin.uexp" 425
"C:/Users/Guest2/Documents/Unreal Projects/IAmSadder/IAmSad/Content/Characters/Mannequins/Materials/Functions/MF_Diffraction.uasset" 426
"C:/Users/Guest2/Documents/Unreal Projects/IAmSadder/IAmSad/Content/Characters/Mannequins/Materials/Functions/MF_Diffraction.uexp" 427
"C:/Users/Guest2/Documents/Unreal Projects/IAmSadder/IAmSad/Content/Characters/Mannequins/Textures/Manny/T_Manny_01_N.ubulk" 428
"C:/Users/Guest2/Documents/Unreal Projects/IAmSadder/IAmSad/Content/Characters/Mannequins/Textures/Manny/T_Manny_01_N.uasset" 429
"C:/Users/Guest2/Documents/Unreal Projects/IAmSadder/IAmSad/Content/Characters/Mannequins/Textures/Manny/T_Manny_01_N.uexp" 430
"C:/Users/Guest2/Documents/Unreal Projects/IAmSadder/IAmSad/Content/Characters/Mannequins/Materials/Functions/ML_BaseColorFallOff.uasset" 431
"C:/Users/Guest2/Documents/Unreal Projects/IAmSadder/IAmSad/Content/Characters/Mannequins/Materials/Functions/ML_BaseColorFallOff.uexp" 432
"../../../Engine/Content/Functions/Engine_MaterialFunctions02/Utility/BreakOutFloat2Components.uasset" 433
"../../../Engine/Content/Functions/Engine_MaterialFunctions02/Utility/BreakOutFloat2Components.uexp" 434
"../../../Engine/Content/Functions/Engine_MaterialFunctions01/Texturing/ScaleUVsByCenter.uasset" 435
"../../../Engine/Content/Functions/Engine_MaterialFunctions01/Texturing/ScaleUVsByCenter.uexp" 436
"C:/Users/Guest2/Documents/Unreal Projects/IAmSadder/IAmSad/Content/Characters/Mannequins/Textures/Shared/T_UE_Logo_M.uasset" 437
"C:/Users/Guest2/Documents/Unreal Projects/IAmSadder/IAmSad/Content/Characters/Mannequins/Textures/Shared/T_UE_Logo_M.uexp" 438
"C:/Users/Guest2/Documents/Unreal Projects/IAmSadder/IAmSad/Content/Characters/Mannequins/Materials/Functions/MF_logo3layers.uasset" 439
"C:/Users/Guest2/Documents/Unreal Projects/IAmSadder/IAmSad/Content/Characters/Mannequins/Materials/Functions/MF_logo3layers.uexp" 440
"C:/Users/Guest2/Documents/Unreal Projects/IAmSadder/IAmSad/Content/Characters/Mannequins/Textures/Manny/T_Manny_01_CCRCCPlastic_MSK.ubulk" 441
"C:/Users/Guest2/Documents/Unreal Projects/IAmSadder/IAmSad/Content/Characters/Mannequins/Textures/Manny/T_Manny_01_CCRCCPlastic_MSK.uasset" 442
"C:/Users/Guest2/Documents/Unreal Projects/IAmSadder/IAmSad/Content/Characters/Mannequins/Textures/Manny/T_Manny_01_CCRCCPlastic_MSK.uexp" 443
"C:/Users/Guest2/Documents/Unreal Projects/IAmSadder/IAmSad/Content/Characters/Mannequins/Textures/Manny/T_Manny_01_ASAOPMASK_MSK.ubulk" 444
"C:/Users/Guest2/Documents/Unreal Projects/IAmSadder/IAmSad/Content/Characters/Mannequins/Textures/Manny/T_Manny_01_ASAOPMASK_MSK.uasset" 445
"C:/Users/Guest2/Documents/Unreal Projects/IAmSadder/IAmSad/Content/Characters/Mannequins/Textures/Manny/T_Manny_01_ASAOPMASK_MSK.uexp" 446
"C:/Users/Guest2/Documents/Unreal Projects/IAmSadder/IAmSad/Content/Characters/Mannequins/Textures/Manny/T_Manny_01_MSR_MSK.ubulk" 447
"C:/Users/Guest2/Documents/Unreal Projects/IAmSadder/IAmSad/Content/Characters/Mannequins/Textures/Manny/T_Manny_01_MSR_MSK.uasset" 448
"C:/Users/Guest2/Documents/Unreal Projects/IAmSadder/IAmSad/Content/Characters/Mannequins/Textures/Manny/T_Manny_01_MSR_MSK.uexp" 449
"C:/Users/Guest2/Documents/Unreal Projects/IAmSadder/IAmSad/Content/Characters/Mannequins/Textures/Manny/T_Manny_01_BN.ubulk" 450
"C:/Users/Guest2/Documents/Unreal Projects/IAmSadder/IAmSad/Content/Characters/Mannequins/Textures/Manny/T_Manny_01_BN.uasset" 451
"C:/Users/Guest2/Documents/Unreal Projects/IAmSadder/IAmSad/Content/Characters/Mannequins/Textures/Manny/T_Manny_01_BN.uexp" 452
"C:/Users/Guest2/Documents/Unreal Projects/IAmSadder/IAmSad/Content/Characters/Mannequins/Textures/Manny/T_Manny_01_D.ubulk" 453
"C:/Users/Guest2/Documents/Unreal Projects/IAmSadder/IAmSad/Content/Characters/Mannequins/Textures/Manny/T_Manny_01_D.uasset" 454
"C:/Users/Guest2/Documents/Unreal Projects/IAmSadder/IAmSad/Content/Characters/Mannequins/Textures/Manny/T_Manny_01_D.uexp" 455
"C:/Users/Guest2/Documents/Unreal Projects/IAmSadder/IAmSad/Content/Characters/Mannequins/Textures/Manny/T_Manny_01_Tan.ubulk" 456
"C:/Users/Guest2/Documents/Unreal Projects/IAmSadder/IAmSad/Content/Characters/Mannequins/Textures/Manny/T_Manny_01_Tan.uasset" 457
"C:/Users/Guest2/Documents/Unreal Projects/IAmSadder/IAmSad/Content/Characters/Mannequins/Textures/Manny/T_Manny_01_Tan.uexp" 458
"C:/Users/Guest2/Documents/Unreal Projects/IAmSadder/IAmSad/Content/Characters/Mannequins/Materials/M_Mannequin.uasset" 459
"C:/Users/Guest2/Documents/Unreal Projects/IAmSadder/IAmSad/Content/Characters/Mannequins/Materials/M_Mannequin.uexp" 460
"C:/Users/Guest2/Documents/Unreal Projects/IAmSadder/IAmSad/Content/Characters/Mannequins/Textures/Quinn/T_Quinn_01_ASAOMASK_MSK.ubulk" 461
"C:/Users/Guest2/Documents/Unreal Projects/IAmSadder/IAmSad/Content/Characters/Mannequins/Textures/Quinn/T_Quinn_01_ASAOMASK_MSK.uasset" 462
"C:/Users/Guest2/Documents/Unreal Projects/IAmSadder/IAmSad/Content/Characters/Mannequins/Textures/Quinn/T_Quinn_01_ASAOMASK_MSK.uexp" 463
"C:/Users/Guest2/Documents/Unreal Projects/IAmSadder/IAmSad/Content/Characters/Mannequins/Textures/Quinn/T_Quinn_01ID_N.ubulk" 464
"C:/Users/Guest2/Documents/Unreal Projects/IAmSadder/IAmSad/Content/Characters/Mannequins/Textures/Quinn/T_Quinn_01ID_N.uasset" 465
"C:/Users/Guest2/Documents/Unreal Projects/IAmSadder/IAmSad/Content/Characters/Mannequins/Textures/Quinn/T_Quinn_01ID_N.uexp" 466
"C:/Users/Guest2/Documents/Unreal Projects/IAmSadder/IAmSad/Content/Characters/Mannequins/Textures/Quinn/T_Quinn_01ID_BN.ubulk" 467
"C:/Users/Guest2/Documents/Unreal Projects/IAmSadder/IAmSad/Content/Characters/Mannequins/Textures/Quinn/T_Quinn_01ID_BN.uasset" 468
"C:/Users/Guest2/Documents/Unreal Projects/IAmSadder/IAmSad/Content/Characters/Mannequins/Textures/Quinn/T_Quinn_01ID_BN.uexp" 469
"C:/Users/Guest2/Documents/Unreal Projects/IAmSadder/IAmSad/Content/Characters/Mannequins/Textures/Quinn/T_Quinn_01ID_D.ubulk" 470
"C:/Users/Guest2/Documents/Unreal Projects/IAmSadder/IAmSad/Content/Characters/Mannequins/Textures/Quinn/T_Quinn_01ID_D.uasset" 471
"C:/Users/Guest2/Documents/Unreal Projects/IAmSadder/IAmSad/Content/Characters/Mannequins/Textures/Quinn/T_Quinn_01ID_D.uexp" 472
"C:/Users/Guest2/Documents/Unreal Projects/IAmSadder/IAmSad/Content/Characters/Mannequins/Textures/Quinn/T_Quinn_01ID_Tan.ubulk" 473
"C:/Users/Guest2/Documents/Unreal Projects/IAmSadder/IAmSad/Content/Characters/Mannequins/Textures/Quinn/T_Quinn_01ID_Tan.uasset" 474
"C:/Users/Guest2/Documents/Unreal Projects/IAmSadder/IAmSad/Content/Characters/Mannequins/Textures/Quinn/T_Quinn_01ID_Tan.uexp" 475
"C:/Users/Guest2/Documents/Unreal Projects/IAmSadder/IAmSad/Content/Characters/Mannequins/Textures/Quinn/T_Quinn_01_CCRCCPlastic_MSK.ubulk" 476
"C:/Users/Guest2/Documents/Unreal Projects/IAmSadder/IAmSad/Content/Characters/Mannequins/Textures/Quinn/T_Quinn_01_CCRCCPlastic_MSK.uasset" 477
"C:/Users/Guest2/Documents/Unreal Projects/IAmSadder/IAmSad/Content/Characters/Mannequins/Textures/Quinn/T_Quinn_01_CCRCCPlastic_MSK.uexp" 478
"C:/Users/Guest2/Documents/Unreal Projects/IAmSadder/IAmSad/Content/Characters/Mannequins/Materials/Instances/Quinn/MI_Quinn_01.uasset" 479
"C:/Users/Guest2/Documents/Unreal Projects/IAmSadder/IAmSad/Content/Characters/Mannequins/Materials/Instances/Quinn/MI_Quinn_01.uexp" 480
"C:/Users/Guest2/Documents/Unreal Projects/IAmSadder/IAmSad/Content/Characters/Mannequins/Textures/Quinn/T_Quinn_02ID_N.ubulk" 481
"C:/Users/Guest2/Documents/Unreal Projects/IAmSadder/IAmSad/Content/Characters/Mannequins/Textures/Quinn/T_Quinn_02ID_N.uasset" 482
"C:/Users/Guest2/Documents/Unreal Projects/IAmSadder/IAmSad/Content/Characters/Mannequins/Textures/Quinn/T_Quinn_02ID_N.uexp" 483
"C:/Users/Guest2/Documents/Unreal Projects/IAmSadder/IAmSad/Content/Characters/Mannequins/Materials/Instances/Quinn/MI_Quinn_02.uasset" 484
"C:/Users/Guest2/Documents/Unreal Projects/IAmSadder/IAmSad/Content/Characters/Mannequins/Materials/Instances/Quinn/MI_Quinn_02.uexp" 485
"C:/Users/Guest2/Documents/Unreal Projects/IAmSadder/IAmSad/Content/Characters/Mannequins/Rigs/PA_Mannequin.uasset" 486
"C:/Users/Guest2/Documents/Unreal Projects/IAmSadder/IAmSad/Content/Characters/Mannequins/Rigs/PA_Mannequin.uexp" 487
"C:/Users/Guest2/Documents/Unreal Projects/IAmSadder/IAmSad/Content/Characters/Mannequins/Meshes/SKM_Quinn_Simple.uasset" 488
"C:/Users/Guest2/Documents/Unreal Projects/IAmSadder/IAmSad/Content/Characters/Mannequins/Meshes/SKM_Quinn_Simple.uexp" 489
"C:/Users/Guest2/Documents/Unreal Projects/IAmSadder/IAmSad/Content/ActualAssets/Glide/frame0022.uasset" 490
"C:/Users/Guest2/Documents/Unreal Projects/IAmSadder/IAmSad/Content/ActualAssets/Glide/frame0022.uexp" 491
"C:/Users/Guest2/Documents/Unreal Projects/IAmSadder/IAmSad/Content/ActualAssets/Glide/frame0022_Sprite.uasset" 492
"C:/Users/Guest2/Documents/Unreal Projects/IAmSadder/IAmSad/Content/ActualAssets/Glide/frame0022_Sprite.uexp" 493
"C:/Users/Guest2/Documents/Unreal Projects/IAmSadder/IAmSad/Content/ActualAssets/Glide/frame0014.uasset" 494
"C:/Users/Guest2/Documents/Unreal Projects/IAmSadder/IAmSad/Content/ActualAssets/Glide/frame0014.uexp" 495
"C:/Users/Guest2/Documents/Unreal Projects/IAmSadder/IAmSad/Content/ActualAssets/Glide/frame0014_Sprite.uasset" 496
"C:/Users/Guest2/Documents/Unreal Projects/IAmSadder/IAmSad/Content/ActualAssets/Glide/frame0014_Sprite.uexp" 497
"C:/Users/Guest2/Documents/Unreal Projects/IAmSadder/IAmSad/Content/ActualAssets/Glide/frame0018.uasset" 498
"C:/Users/Guest2/Documents/Unreal Projects/IAmSadder/IAmSad/Content/ActualAssets/Glide/frame0018.uexp" 499
"C:/Users/Guest2/Documents/Unreal Projects/IAmSadder/IAmSad/Content/ActualAssets/Glide/frame0018_Sprite.uasset" 500
"C:/Users/Guest2/Documents/Unreal Projects/IAmSadder/IAmSad/Content/ActualAssets/Glide/frame0018_Sprite.uexp" 501
"C:/Users/Guest2/Documents/Unreal Projects/IAmSadder/IAmSad/Content/ActualAssets/Glide/frame0019.uasset" 502
"C:/Users/Guest2/Documents/Unreal Projects/IAmSadder/IAmSad/Content/ActualAssets/Glide/frame0019.uexp" 503
"C:/Users/Guest2/Documents/Unreal Projects/IAmSadder/IAmSad/Content/ActualAssets/Glide/frame0019_Sprite.uasset" 504
"C:/Users/Guest2/Documents/Unreal Projects/IAmSadder/IAmSad/Content/ActualAssets/Glide/frame0019_Sprite.uexp" 505
"C:/Users/Guest2/Documents/Unreal Projects/IAmSadder/IAmSad/Content/ActualAssets/Glide/frame0021.uasset" 506
"C:/Users/Guest2/Documents/Unreal Projects/IAmSadder/IAmSad/Content/ActualAssets/Glide/frame0021.uexp" 507
"C:/Users/Guest2/Documents/Unreal Projects/IAmSadder/IAmSad/Content/ActualAssets/Glide/frame0021_Sprite.uasset" 508
"C:/Users/Guest2/Documents/Unreal Projects/IAmSadder/IAmSad/Content/ActualAssets/Glide/frame0021_Sprite.uexp" 509
"C:/Users/Guest2/Documents/Unreal Projects/IAmSadder/IAmSad/Content/ActualAssets/Glide/frame0016.uasset" 510
"C:/Users/Guest2/Documents/Unreal Projects/IAmSadder/IAmSad/Content/ActualAssets/Glide/frame0016.uexp" 511
"C:/Users/Guest2/Documents/Unreal Projects/IAmSadder/IAmSad/Content/ActualAssets/Glide/frame0016_Sprite.uasset" 512
"C:/Users/Guest2/Documents/Unreal Projects/IAmSadder/IAmSad/Content/ActualAssets/Glide/frame0016_Sprite.uexp" 513
"C:/Users/Guest2/Documents/Unreal Projects/IAmSadder/IAmSad/Content/ActualAssets/Glide/frame0024.uasset" 514
"C:/Users/Guest2/Documents/Unreal Projects/IAmSadder/IAmSad/Content/ActualAssets/Glide/frame0024.uexp" 515
"C:/Users/Guest2/Documents/Unreal Projects/IAmSadder/IAmSad/Content/ActualAssets/Glide/frame0024_Sprite.uasset" 516
"C:/Users/Guest2/Documents/Unreal Projects/IAmSadder/IAmSad/Content/ActualAssets/Glide/frame0024_Sprite.uexp" 517
"C:/Users/Guest2/Documents/Unreal Projects/IAmSadder/IAmSad/Content/ActualAssets/Glide/frame0009.uasset" 518
"C:/Users/Guest2/Documents/Unreal Projects/IAmSadder/IAmSad/Content/ActualAssets/Glide/frame0009.uexp" 519
"C:/Users/Guest2/Documents/Unreal Projects/IAmSadder/IAmSad/Content/ActualAssets/Glide/frame0009_Sprite.uasset" 520
"C:/Users/Guest2/Documents/Unreal Projects/IAmSadder/IAmSad/Content/ActualAssets/Glide/frame0009_Sprite.uexp" 521
"C:/Users/Guest2/Documents/Unreal Projects/IAmSadder/IAmSad/Content/ActualAssets/Glide/frame0001.uasset" 522
"C:/Users/Guest2/Documents/Unreal Projects/IAmSadder/IAmSad/Content/ActualAssets/Glide/frame0001.uexp" 523
"C:/Users/Guest2/Documents/Unreal Projects/IAmSadder/IAmSad/Content/ActualAssets/Glide/frame0001_Sprite.uasset" 524
"C:/Users/Guest2/Documents/Unreal Projects/IAmSadder/IAmSad/Content/ActualAssets/Glide/frame0001_Sprite.uexp" 525
"C:/Users/Guest2/Documents/Unreal Projects/IAmSadder/IAmSad/Content/ActualAssets/Glide/frame0008.uasset" 526
"C:/Users/Guest2/Documents/Unreal Projects/IAmSadder/IAmSad/Content/ActualAssets/Glide/frame0008.uexp" 527
"C:/Users/Guest2/Documents/Unreal Projects/IAmSadder/IAmSad/Content/ActualAssets/Glide/frame0008_Sprite.uasset" 528
"C:/Users/Guest2/Documents/Unreal Projects/IAmSadder/IAmSad/Content/ActualAssets/Glide/frame0008_Sprite.uexp" 529
"C:/Users/Guest2/Documents/Unreal Projects/IAmSadder/IAmSad/Content/ActualAssets/Glide/frame0023.uasset" 530
"C:/Users/Guest2/Documents/Unreal Projects/IAmSadder/IAmSad/Content/ActualAssets/Glide/frame0023.uexp" 531
"C:/Users/Guest2/Documents/Unreal Projects/IAmSadder/IAmSad/Content/ActualAssets/Glide/frame0023_Sprite.uasset" 532
"C:/Users/Guest2/Documents/Unreal Projects/IAmSadder/IAmSad/Content/ActualAssets/Glide/frame0023_Sprite.uexp" 533
"C:/Users/Guest2/Documents/Unreal Projects/IAmSadder/IAmSad/Content/ActualAssets/Glide/frame0013.uasset" 534
"C:/Users/Guest2/Documents/Unreal Projects/IAmSadder/IAmSad/Content/ActualAssets/Glide/frame0013.uexp" 535
"C:/Users/Guest2/Documents/Unreal Projects/IAmSadder/IAmSad/Content/ActualAssets/Glide/frame0013_Sprite.uasset" 536
"C:/Users/Guest2/Documents/Unreal Projects/IAmSadder/IAmSad/Content/ActualAssets/Glide/frame0013_Sprite.uexp" 537
"C:/Users/Guest2/Documents/Unreal Projects/IAmSadder/IAmSad/Content/ActualAssets/Glide/frame0007.uasset" 538
"C:/Users/Guest2/Documents/Unreal Projects/IAmSadder/IAmSad/Content/ActualAssets/Glide/frame0007.uexp" 539
"C:/Users/Guest2/Documents/Unreal Projects/IAmSadder/IAmSad/Content/ActualAssets/Glide/frame0007_Sprite.uasset" 540
"C:/Users/Guest2/Documents/Unreal Projects/IAmSadder/IAmSad/Content/ActualAssets/Glide/frame0007_Sprite.uexp" 541
"C:/Users/Guest2/Documents/Unreal Projects/IAmSadder/IAmSad/Content/ActualAssets/Glide/frame0004.uasset" 542
"C:/Users/Guest2/Documents/Unreal Projects/IAmSadder/IAmSad/Content/ActualAssets/Glide/frame0004.uexp" 543
"C:/Users/Guest2/Documents/Unreal Projects/IAmSadder/IAmSad/Content/ActualAssets/Glide/frame0004_Sprite.uasset" 544
"C:/Users/Guest2/Documents/Unreal Projects/IAmSadder/IAmSad/Content/ActualAssets/Glide/frame0004_Sprite.uexp" 545
"C:/Users/Guest2/Documents/Unreal Projects/IAmSadder/IAmSad/Content/ActualAssets/Glide/frame0015.uasset" 546
"C:/Users/Guest2/Documents/Unreal Projects/IAmSadder/IAmSad/Content/ActualAssets/Glide/frame0015.uexp" 547
"C:/Users/Guest2/Documents/Unreal Projects/IAmSadder/IAmSad/Content/ActualAssets/Glide/frame0015_Sprite.uasset" 548
"C:/Users/Guest2/Documents/Unreal Projects/IAmSadder/IAmSad/Content/ActualAssets/Glide/frame0015_Sprite.uexp" 549
"C:/Users/Guest2/Documents/Unreal Projects/IAmSadder/IAmSad/Content/ActualAssets/Glide/frame0006.uasset" 550
"C:/Users/Guest2/Documents/Unreal Projects/IAmSadder/IAmSad/Content/ActualAssets/Glide/frame0006.uexp" 551
"C:/Users/Guest2/Documents/Unreal Projects/IAmSadder/IAmSad/Content/ActualAssets/Glide/frame0006_Sprite.uasset" 552
"C:/Users/Guest2/Documents/Unreal Projects/IAmSadder/IAmSad/Content/ActualAssets/Glide/frame0006_Sprite.uexp" 553
"C:/Users/Guest2/Documents/Unreal Projects/IAmSadder/IAmSad/Content/ActualAssets/Glide/frame0000.uasset" 554
"C:/Users/Guest2/Documents/Unreal Projects/IAmSadder/IAmSad/Content/ActualAssets/Glide/frame0000.uexp" 555
"C:/Users/Guest2/Documents/Unreal Projects/IAmSadder/IAmSad/Content/ActualAssets/Glide/frame0000_Sprite.uasset" 556
"C:/Users/Guest2/Documents/Unreal Projects/IAmSadder/IAmSad/Content/ActualAssets/Glide/frame0000_Sprite.uexp" 557
"C:/Users/Guest2/Documents/Unreal Projects/IAmSadder/IAmSad/Content/ActualAssets/Glide/frame0020.uasset" 558
"C:/Users/Guest2/Documents/Unreal Projects/IAmSadder/IAmSad/Content/ActualAssets/Glide/frame0020.uexp" 559
"C:/Users/Guest2/Documents/Unreal Projects/IAmSadder/IAmSad/Content/ActualAssets/Glide/frame0020_Sprite.uasset" 560
"C:/Users/Guest2/Documents/Unreal Projects/IAmSadder/IAmSad/Content/ActualAssets/Glide/frame0020_Sprite.uexp" 561
"C:/Users/Guest2/Documents/Unreal Projects/IAmSadder/IAmSad/Content/ActualAssets/Glide/frame0017.uasset" 562
"C:/Users/Guest2/Documents/Unreal Projects/IAmSadder/IAmSad/Content/ActualAssets/Glide/frame0017.uexp" 563
"C:/Users/Guest2/Documents/Unreal Projects/IAmSadder/IAmSad/Content/ActualAssets/Glide/frame0017_Sprite.uasset" 564
"C:/Users/Guest2/Documents/Unreal Projects/IAmSadder/IAmSad/Content/ActualAssets/Glide/frame0017_Sprite.uexp" 565
"C:/Users/Guest2/Documents/Unreal Projects/IAmSadder/IAmSad/Content/ActualAssets/Glide/frame0012.uasset" 566
"C:/Users/Guest2/Documents/Unreal Projects/IAmSadder/IAmSad/Content/ActualAssets/Glide/frame0012.uexp" 567
"C:/Users/Guest2/Documents/Unreal Projects/IAmSadder/IAmSad/Content/ActualAssets/Glide/frame0012_Sprite.uasset" 568
"C:/Users/Guest2/Documents/Unreal Projects/IAmSadder/IAmSad/Content/ActualAssets/Glide/frame0012_Sprite.uexp" 569
"C:/Users/Guest2/Documents/Unreal Projects/IAmSadder/IAmSad/Content/ActualAssets/Glide/frame0010.uasset" 570
"C:/Users/Guest2/Documents/Unreal Projects/IAmSadder/IAmSad/Content/ActualAssets/Glide/frame0010.uexp" 571
"C:/Users/Guest2/Documents/Unreal Projects/IAmSadder/IAmSad/Content/ActualAssets/Glide/frame0010_Sprite.uasset" 572
"C:/Users/Guest2/Documents/Unreal Projects/IAmSadder/IAmSad/Content/ActualAssets/Glide/frame0010_Sprite.uexp" 573
"C:/Users/Guest2/Documents/Unreal Projects/IAmSadder/IAmSad/Content/ActualAssets/Glide/frame0005.uasset" 574
"C:/Users/Guest2/Documents/Unreal Projects/IAmSadder/IAmSad/Content/ActualAssets/Glide/frame0005.uexp" 575
"C:/Users/Guest2/Documents/Unreal Projects/IAmSadder/IAmSad/Content/ActualAssets/Glide/frame0005_Sprite.uasset" 576
"C:/Users/Guest2/Documents/Unreal Projects/IAmSadder/IAmSad/Content/ActualAssets/Glide/frame0005_Sprite.uexp" 577
"C:/Users/Guest2/Documents/Unreal Projects/IAmSadder/IAmSad/Content/ActualAssets/Glide/frame0003.uasset" 578
"C:/Users/Guest2/Documents/Unreal Projects/IAmSadder/IAmSad/Content/ActualAssets/Glide/frame0003.uexp" 579
"C:/Users/Guest2/Documents/Unreal Projects/IAmSadder/IAmSad/Content/ActualAssets/Glide/frame0003_Sprite.uasset" 580
"C:/Users/Guest2/Documents/Unreal Projects/IAmSadder/IAmSad/Content/ActualAssets/Glide/frame0003_Sprite.uexp" 581
"C:/Users/Guest2/Documents/Unreal Projects/IAmSadder/IAmSad/Content/ActualAssets/Glide/frame0002.uasset" 582
"C:/Users/Guest2/Documents/Unreal Projects/IAmSadder/IAmSad/Content/ActualAssets/Glide/frame0002.uexp" 583
"C:/Users/Guest2/Documents/Unreal Projects/IAmSadder/IAmSad/Content/ActualAssets/Glide/frame0002_Sprite.uasset" 584
"C:/Users/Guest2/Documents/Unreal Projects/IAmSadder/IAmSad/Content/ActualAssets/Glide/frame0002_Sprite.uexp" 585
"C:/Users/Guest2/Documents/Unreal Projects/IAmSadder/IAmSad/Content/ActualAssets/Glide/frame0011.uasset" 586
"C:/Users/Guest2/Documents/Unreal Projects/IAmSadder/IAmSad/Content/ActualAssets/Glide/frame0011.uexp" 587
"C:/Users/Guest2/Documents/Unreal Projects/IAmSadder/IAmSad/Content/ActualAssets/Glide/frame0011_Sprite.uasset" 588
"C:/Users/Guest2/Documents/Unreal Projects/IAmSadder/IAmSad/Content/ActualAssets/Glide/frame0011_Sprite.uexp" 589
"C:/Users/Guest2/Documents/Unreal Projects/IAmSadder/IAmSad/Content/ActualAssets/Glide/Glide.uasset" 590
"C:/Users/Guest2/Documents/Unreal Projects/IAmSadder/IAmSad/Content/ActualAssets/Glide/Glide.uexp" 591
"C:/Users/Guest2/Documents/Unreal Projects/IAmSadder/IAmSad/Content/ActualAssets/Sounds/reverse_gravity.ubulk" 592
"C:/Users/Guest2/Documents/Unreal Projects/IAmSadder/IAmSad/Content/ActualAssets/Sounds/reverse_gravity.uasset" 593
"C:/Users/Guest2/Documents/Unreal Projects/IAmSadder/IAmSad/Content/ActualAssets/Sounds/reverse_gravity.uexp" 594
"C:/Users/Guest2/Documents/Unreal Projects/IAmSadder/IAmSad/Content/ThirdPerson/Input/Actions/IA_Jump.uasset" 595
"C:/Users/Guest2/Documents/Unreal Projects/IAmSadder/IAmSad/Content/ThirdPerson/Input/Actions/IA_Jump.uexp" 596
"C:/Users/Guest2/Documents/Unreal Projects/IAmSadder/IAmSad/Content/ThirdPerson/Input/Actions/IA_Look.uasset" 597
"C:/Users/Guest2/Documents/Unreal Projects/IAmSadder/IAmSad/Content/ThirdPerson/Input/Actions/IA_Look.uexp" 598
"C:/Users/Guest2/Documents/Unreal Projects/IAmSadder/IAmSad/Content/ThirdPerson/Input/Actions/IA_Move.uasset" 599
"C:/Users/Guest2/Documents/Unreal Projects/IAmSadder/IAmSad/Content/ThirdPerson/Input/Actions/IA_Move.uexp" 600
"C:/Users/Guest2/Documents/Unreal Projects/IAmSadder/IAmSad/Content/ThirdPerson/Input/IMC_Default.uasset" 601
"C:/Users/Guest2/Documents/Unreal Projects/IAmSadder/IAmSad/Content/ThirdPerson/Input/IMC_Default.uexp" 602
"C:/Users/Guest2/Documents/Unreal Projects/IAmSadder/IAmSad/Content/ActualAssets/Jump/frame0016.uasset" 603
"C:/Users/Guest2/Documents/Unreal Projects/IAmSadder/IAmSad/Content/ActualAssets/Jump/frame0016.uexp" 604
"C:/Users/Guest2/Documents/Unreal Projects/IAmSadder/IAmSad/Content/ActualAssets/Jump/frame0016_Sprite.uasset" 605
"C:/Users/Guest2/Documents/Unreal Projects/IAmSadder/IAmSad/Content/ActualAssets/Jump/frame0016_Sprite.uexp" 606
"C:/Users/Guest2/Documents/Unreal Projects/IAmSadder/IAmSad/Content/ActualAssets/Jump/frame0011.uasset" 607
"C:/Users/Guest2/Documents/Unreal Projects/IAmSadder/IAmSad/Content/ActualAssets/Jump/frame0011.uexp" 608
"C:/Users/Guest2/Documents/Unreal Projects/IAmSadder/IAmSad/Content/ActualAssets/Jump/frame0011_Sprite.uasset" 609
"C:/Users/Guest2/Documents/Unreal Projects/IAmSadder/IAmSad/Content/ActualAssets/Jump/frame0011_Sprite.uexp" 610
"C:/Users/Guest2/Documents/Unreal Projects/IAmSadder/IAmSad/Content/ActualAssets/Jump/frame0001.uasset" 611
"C:/Users/Guest2/Documents/Unreal Projects/IAmSadder/IAmSad/Content/ActualAssets/Jump/frame0001.uexp" 612
"C:/Users/Guest2/Documents/Unreal Projects/IAmSadder/IAmSad/Content/ActualAssets/Jump/frame0001_Sprite.uasset" 613
"C:/Users/Guest2/Documents/Unreal Projects/IAmSadder/IAmSad/Content/ActualAssets/Jump/frame0001_Sprite.uexp" 614
"C:/Users/Guest2/Documents/Unreal Projects/IAmSadder/IAmSad/Content/ActualAssets/Jump/frame0023.uasset" 615
"C:/Users/Guest2/Documents/Unreal Projects/IAmSadder/IAmSad/Content/ActualAssets/Jump/frame0023.uexp" 616
"C:/Users/Guest2/Documents/Unreal Projects/IAmSadder/IAmSad/Content/ActualAssets/Jump/frame0023_Sprite.uasset" 617
"C:/Users/Guest2/Documents/Unreal Projects/IAmSadder/IAmSad/Content/ActualAssets/Jump/frame0023_Sprite.uexp" 618
"C:/Users/Guest2/Documents/Unreal Projects/IAmSadder/IAmSad/Content/ActualAssets/Jump/frame0019.uasset" 619
"C:/Users/Guest2/Documents/Unreal Projects/IAmSadder/IAmSad/Content/ActualAssets/Jump/frame0019.uexp" 620
"C:/Users/Guest2/Documents/Unreal Projects/IAmSadder/IAmSad/Content/ActualAssets/Jump/frame0019_Sprite.uasset" 621
"C:/Users/Guest2/Documents/Unreal Projects/IAmSadder/IAmSad/Content/ActualAssets/Jump/frame0019_Sprite.uexp" 622
"C:/Users/Guest2/Documents/Unreal Projects/IAmSadder/IAmSad/Content/ActualAssets/Jump/frame0017.uasset" 623
"C:/Users/Guest2/Documents/Unreal Projects/IAmSadder/IAmSad/Content/ActualAssets/Jump/frame0017.uexp" 624
"C:/Users/Guest2/Documents/Unreal Projects/IAmSadder/IAmSad/Content/ActualAssets/Jump/frame0017_Sprite.uasset" 625
"C:/Users/Guest2/Documents/Unreal Projects/IAmSadder/IAmSad/Content/ActualAssets/Jump/frame0017_Sprite.uexp" 626
"C:/Users/Guest2/Documents/Unreal Projects/IAmSadder/IAmSad/Content/ActualAssets/Jump/frame0013.uasset" 627
"C:/Users/Guest2/Documents/Unreal Projects/IAmSadder/IAmSad/Content/ActualAssets/Jump/frame0013.uexp" 628
"C:/Users/Guest2/Documents/Unreal Projects/IAmSadder/IAmSad/Content/ActualAssets/Jump/frame0013_Sprite.uasset" 629
"C:/Users/Guest2/Documents/Unreal Projects/IAmSadder/IAmSad/Content/ActualAssets/Jump/frame0013_Sprite.uexp" 630
"C:/Users/Guest2/Documents/Unreal Projects/IAmSadder/IAmSad/Content/ActualAssets/Jump/frame0012.uasset" 631
"C:/Users/Guest2/Documents/Unreal Projects/IAmSadder/IAmSad/Content/ActualAssets/Jump/frame0012.uexp" 632
"C:/Users/Guest2/Documents/Unreal Projects/IAmSadder/IAmSad/Content/ActualAssets/Jump/frame0012_Sprite.uasset" 633
"C:/Users/Guest2/Documents/Unreal Projects/IAmSadder/IAmSad/Content/ActualAssets/Jump/frame0012_Sprite.uexp" 634
"C:/Users/Guest2/Documents/Unreal Projects/IAmSadder/IAmSad/Content/ActualAssets/Jump/frame0000.uasset" 635
"C:/Users/Guest2/Documents/Unreal Projects/IAmSadder/IAmSad/Content/ActualAssets/Jump/frame0000.uexp" 636
"C:/Users/Guest2/Documents/Unreal Projects/IAmSadder/IAmSad/Content/ActualAssets/Jump/frame0000_Sprite.uasset" 637
"C:/Users/Guest2/Documents/Unreal Projects/IAmSadder/IAmSad/Content/ActualAssets/Jump/frame0000_Sprite.uexp" 638
"C:/Users/Guest2/Documents/Unreal Projects/IAmSadder/IAmSad/Content/ActualAssets/Jump/frame0022.uasset" 639
"C:/Users/Guest2/Documents/Unreal Projects/IAmSadder/IAmSad/Content/ActualAssets/Jump/frame0022.uexp" 640
"C:/Users/Guest2/Documents/Unreal Projects/IAmSadder/IAmSad/Content/ActualAssets/Jump/frame0022_Sprite.uasset" 641
"C:/Users/Guest2/Documents/Unreal Projects/IAmSadder/IAmSad/Content/ActualAssets/Jump/frame0022_Sprite.uexp" 642
"C:/Users/Guest2/Documents/Unreal Projects/IAmSadder/IAmSad/Content/ActualAssets/Jump/frame0005.uasset" 643
"C:/Users/Guest2/Documents/Unreal Projects/IAmSadder/IAmSad/Content/ActualAssets/Jump/frame0005.uexp" 644
"C:/Users/Guest2/Documents/Unreal Projects/IAmSadder/IAmSad/Content/ActualAssets/Jump/frame0005_Sprite.uasset" 645
"C:/Users/Guest2/Documents/Unreal Projects/IAmSadder/IAmSad/Content/ActualAssets/Jump/frame0005_Sprite.uexp" 646
"C:/Users/Guest2/Documents/Unreal Projects/IAmSadder/IAmSad/Content/ActualAssets/Jump/frame0010.uasset" 647
"C:/Users/Guest2/Documents/Unreal Projects/IAmSadder/IAmSad/Content/ActualAssets/Jump/frame0010.uexp" 648
"C:/Users/Guest2/Documents/Unreal Projects/IAmSadder/IAmSad/Content/ActualAssets/Jump/frame0010_Sprite.uasset" 649
"C:/Users/Guest2/Documents/Unreal Projects/IAmSadder/IAmSad/Content/ActualAssets/Jump/frame0010_Sprite.uexp" 650
"C:/Users/Guest2/Documents/Unreal Projects/IAmSadder/IAmSad/Content/ActualAssets/Jump/frame0003.uasset" 651
"C:/Users/Guest2/Documents/Unreal Projects/IAmSadder/IAmSad/Content/ActualAssets/Jump/frame0003.uexp" 652
"C:/Users/Guest2/Documents/Unreal Projects/IAmSadder/IAmSad/Content/ActualAssets/Jump/frame0003_Sprite.uasset" 653
"C:/Users/Guest2/Documents/Unreal Projects/IAmSadder/IAmSad/Content/ActualAssets/Jump/frame0003_Sprite.uexp" 654
"C:/Users/Guest2/Documents/Unreal Projects/IAmSadder/IAmSad/Content/ActualAssets/Jump/frame0018.uasset" 655
"C:/Users/Guest2/Documents/Unreal Projects/IAmSadder/IAmSad/Content/ActualAssets/Jump/frame0018.uexp" 656
"C:/Users/Guest2/Documents/Unreal Projects/IAmSadder/IAmSad/Content/ActualAssets/Jump/frame0018_Sprite.uasset" 657
"C:/Users/Guest2/Documents/Unreal Projects/IAmSadder/IAmSad/Content/ActualAssets/Jump/frame0018_Sprite.uexp" 658
"C:/Users/Guest2/Documents/Unreal Projects/IAmSadder/IAmSad/Content/ActualAssets/Jump/frame0007.uasset" 659
"C:/Users/Guest2/Documents/Unreal Projects/IAmSadder/IAmSad/Content/ActualAssets/Jump/frame0007.uexp" 660
"C:/Users/Guest2/Documents/Unreal Projects/IAmSadder/IAmSad/Content/ActualAssets/Jump/frame0007_Sprite.uasset" 661
"C:/Users/Guest2/Documents/Unreal Projects/IAmSadder/IAmSad/Content/ActualAssets/Jump/frame0007_Sprite.uexp" 662
"C:/Users/Guest2/Documents/Unreal Projects/IAmSadder/IAmSad/Content/ActualAssets/Jump/frame0020.uasset" 663
"C:/Users/Guest2/Documents/Unreal Projects/IAmSadder/IAmSad/Content/ActualAssets/Jump/frame0020.uexp" 664
"C:/Users/Guest2/Documents/Unreal Projects/IAmSadder/IAmSad/Content/ActualAssets/Jump/frame0020_Sprite.uasset" 665
"C:/Users/Guest2/Documents/Unreal Projects/IAmSadder/IAmSad/Content/ActualAssets/Jump/frame0020_Sprite.uexp" 666
"C:/Users/Guest2/Documents/Unreal Projects/IAmSadder/IAmSad/Content/ActualAssets/Jump/frame0004.uasset" 667
"C:/Users/Guest2/Documents/Unreal Projects/IAmSadder/IAmSad/Content/ActualAssets/Jump/frame0004.uexp" 668
"C:/Users/Guest2/Documents/Unreal Projects/IAmSadder/IAmSad/Content/ActualAssets/Jump/frame0004_Sprite.uasset" 669
"C:/Users/Guest2/Documents/Unreal Projects/IAmSadder/IAmSad/Content/ActualAssets/Jump/frame0004_Sprite.uexp" 670
"C:/Users/Guest2/Documents/Unreal Projects/IAmSadder/IAmSad/Content/ActualAssets/Jump/frame0024.uasset" 671
"C:/Users/Guest2/Documents/Unreal Projects/IAmSadder/IAmSad/Content/ActualAssets/Jump/frame0024.uexp" 672
"C:/Users/Guest2/Documents/Unreal Projects/IAmSadder/IAmSad/Content/ActualAssets/Jump/frame0024_Sprite.uasset" 673
"C:/Users/Guest2/Documents/Unreal Projects/IAmSadder/IAmSad/Content/ActualAssets/Jump/frame0024_Sprite.uexp" 674
"C:/Users/Guest2/Documents/Unreal Projects/IAmSadder/IAmSad/Content/ActualAssets/Jump/frame0021.uasset" 675
"C:/Users/Guest2/Documents/Unreal Projects/IAmSadder/IAmSad/Content/ActualAssets/Jump/frame0021.uexp" 676
"C:/Users/Guest2/Documents/Unreal Projects/IAmSadder/IAmSad/Content/ActualAssets/Jump/frame0021_Sprite.uasset" 677
"C:/Users/Guest2/Documents/Unreal Projects/IAmSadder/IAmSad/Content/ActualAssets/Jump/frame0021_Sprite.uexp" 678
"C:/Users/Guest2/Documents/Unreal Projects/IAmSadder/IAmSad/Content/ActualAssets/Jump/frame0014.uasset" 679
"C:/Users/Guest2/Documents/Unreal Projects/IAmSadder/IAmSad/Content/ActualAssets/Jump/frame0014.uexp" 680
"C:/Users/Guest2/Documents/Unreal Projects/IAmSadder/IAmSad/Content/ActualAssets/Jump/frame0014_Sprite.uasset" 681
"C:/Users/Guest2/Documents/Unreal Projects/IAmSadder/IAmSad/Content/ActualAssets/Jump/frame0014_Sprite.uexp" 682
"C:/Users/Guest2/Documents/Unreal Projects/IAmSadder/IAmSad/Content/ActualAssets/Jump/frame0015.uasset" 683
"C:/Users/Guest2/Documents/Unreal Projects/IAmSadder/IAmSad/Content/ActualAssets/Jump/frame0015.uexp" 684
"C:/Users/Guest2/Documents/Unreal Projects/IAmSadder/IAmSad/Content/ActualAssets/Jump/frame0015_Sprite.uasset" 685
"C:/Users/Guest2/Documents/Unreal Projects/IAmSadder/IAmSad/Content/ActualAssets/Jump/frame0015_Sprite.uexp" 686
"C:/Users/Guest2/Documents/Unreal Projects/IAmSadder/IAmSad/Content/ActualAssets/Jump/frame0002.uasset" 687
"C:/Users/Guest2/Documents/Unreal Projects/IAmSadder/IAmSad/Content/ActualAssets/Jump/frame0002.uexp" 688
"C:/Users/Guest2/Documents/Unreal Projects/IAmSadder/IAmSad/Content/ActualAssets/Jump/frame0002_Sprite.uasset" 689
"C:/Users/Guest2/Documents/Unreal Projects/IAmSadder/IAmSad/Content/ActualAssets/Jump/frame0002_Sprite.uexp" 690
"C:/Users/Guest2/Documents/Unreal Projects/IAmSadder/IAmSad/Content/ActualAssets/Jump/frame0009.uasset" 691
"C:/Users/Guest2/Documents/Unreal Projects/IAmSadder/IAmSad/Content/ActualAssets/Jump/frame0009.uexp" 692
"C:/Users/Guest2/Documents/Unreal Projects/IAmSadder/IAmSad/Content/ActualAssets/Jump/frame0009_Sprite.uasset" 693
"C:/Users/Guest2/Documents/Unreal Projects/IAmSadder/IAmSad/Content/ActualAssets/Jump/frame0009_Sprite.uexp" 694
"C:/Users/Guest2/Documents/Unreal Projects/IAmSadder/IAmSad/Content/ActualAssets/Jump/frame0008.uasset" 695
"C:/Users/Guest2/Documents/Unreal Projects/IAmSadder/IAmSad/Content/ActualAssets/Jump/frame0008.uexp" 696
"C:/Users/Guest2/Documents/Unreal Projects/IAmSadder/IAmSad/Content/ActualAssets/Jump/frame0008_Sprite.uasset" 697
"C:/Users/Guest2/Documents/Unreal Projects/IAmSadder/IAmSad/Content/ActualAssets/Jump/frame0008_Sprite.uexp" 698
"C:/Users/Guest2/Documents/Unreal Projects/IAmSadder/IAmSad/Content/ActualAssets/Jump/frame0006.uasset" 699
"C:/Users/Guest2/Documents/Unreal Projects/IAmSadder/IAmSad/Content/ActualAssets/Jump/frame0006.uexp" 700
"C:/Users/Guest2/Documents/Unreal Projects/IAmSadder/IAmSad/Content/ActualAssets/Jump/frame0006_Sprite.uasset" 701
"C:/Users/Guest2/Documents/Unreal Projects/IAmSadder/IAmSad/Content/ActualAssets/Jump/frame0006_Sprite.uexp" 702
"C:/Users/Guest2/Documents/Unreal Projects/IAmSadder/IAmSad/Content/ActualAssets/Jump/Jump.uasset" 703
"C:/Users/Guest2/Documents/Unreal Projects/IAmSadder/IAmSad/Content/ActualAssets/Jump/Jump.uexp" 704
"../../../Engine/Content/Animation/DefaultAnimCurveCompressionSettings.uasset" 705
"../../../Engine/Content/Animation/DefaultAnimCurveCompressionSettings.uexp" 706
"../../../Engine/Content/Animation/DefaultAnimBoneCompressionSettings.uasset" 707
"../../../Engine/Content/Animation/DefaultAnimBoneCompressionSettings.uexp" 708
"C:/Users/Guest2/Documents/Unreal Projects/IAmSadder/IAmSad/Content/Characters/Mannequins/Animations/Quinn/MF_Run_Fwd.uasset" 709
"C:/Users/Guest2/Documents/Unreal Projects/IAmSadder/IAmSad/Content/Characters/Mannequins/Animations/Quinn/MF_Run_Fwd.uexp" 710
"C:/Users/Guest2/Documents/Unreal Projects/IAmSadder/IAmSad/Content/Characters/Mannequins/Animations/Quinn/MF_Walk_Fwd.uasset" 711
"C:/Users/Guest2/Documents/Unreal Projects/IAmSadder/IAmSad/Content/Characters/Mannequins/Animations/Quinn/MF_Walk_Fwd.uexp" 712
"../../../Engine/Content/Animation/DefaultRecorderBoneCompression.uasset" 713
"../../../Engine/Content/Animation/DefaultRecorderBoneCompression.uexp" 714
"C:/Users/Guest2/Documents/Unreal Projects/IAmSadder/IAmSad/Content/Characters/Mannequins/Animations/Manny/MM_Walk_InPlace.uasset" 715
"C:/Users/Guest2/Documents/Unreal Projects/IAmSadder/IAmSad/Content/Characters/Mannequins/Animations/Manny/MM_Walk_InPlace.uexp" 716
"C:/Users/Guest2/Documents/Unreal Projects/IAmSadder/IAmSad/Content/Characters/Mannequins/Animations/Quinn/BS_MF_Unarmed_WalkRun.uasset" 717
"C:/Users/Guest2/Documents/Unreal Projects/IAmSadder/IAmSad/Content/Characters/Mannequins/Animations/Quinn/BS_MF_Unarmed_WalkRun.uexp" 718
"C:/Users/Guest2/Documents/Unreal Projects/IAmSadder/IAmSad/Content/Characters/Mannequins/Animations/Quinn/MF_Idle.uasset" 719
"C:/Users/Guest2/Documents/Unreal Projects/IAmSadder/IAmSad/Content/Characters/Mannequins/Animations/Quinn/MF_Idle.uexp" 720
"../../../Engine/Content/Animation/DefaultVariableFrameStrippingSettings.uasset" 721
"../../../Engine/Content/Animation/DefaultVariableFrameStrippingSettings.uexp" 722
"C:/Users/Guest2/Documents/Unreal Projects/IAmSadder/IAmSad/Content/Characters/Mannequins/Animations/Manny/MM_Fall_Loop.uasset" 723
"C:/Users/Guest2/Documents/Unreal Projects/IAmSadder/IAmSad/Content/Characters/Mannequins/Animations/Manny/MM_Fall_Loop.uexp" 724
"C:/Users/Guest2/Documents/Unreal Projects/IAmSadder/IAmSad/Content/Characters/Mannequins/Animations/Manny/MM_Jump.uasset" 725
"C:/Users/Guest2/Documents/Unreal Projects/IAmSadder/IAmSad/Content/Characters/Mannequins/Animations/Manny/MM_Jump.uexp" 726
"../../../Engine/Plugins/Animation/ControlRig/Content/Controls/DefaultGizmoLibrary.uasset" 727
"../../../Engine/Plugins/Animation/ControlRig/Content/Controls/DefaultGizmoLibrary.uexp" 728
"C:/Users/Guest2/Documents/Unreal Projects/IAmSadder/IAmSad/Content/Characters/Mannequins/Rigs/CR_Mannequin_BasicFootIK.uasset" 729
"C:/Users/Guest2/Documents/Unreal Projects/IAmSadder/IAmSad/Content/Characters/Mannequins/Rigs/CR_Mannequin_BasicFootIK.uexp" 730
"C:/Users/Guest2/Documents/Unreal Projects/IAmSadder/IAmSad/Content/Characters/Mannequins/Animations/Manny/MM_Run_Fwd.uasset" 731
"C:/Users/Guest2/Documents/Unreal Projects/IAmSadder/IAmSad/Content/Characters/Mannequins/Animations/Manny/MM_Run_Fwd.uexp" 732
"C:/Users/Guest2/Documents/Unreal Projects/IAmSadder/IAmSad/Content/Characters/Mannequins/Animations/Manny/MM_Walk_Fwd.uasset" 733
"C:/Users/Guest2/Documents/Unreal Projects/IAmSadder/IAmSad/Content/Characters/Mannequins/Animations/Manny/MM_Walk_Fwd.uexp" 734
"C:/Users/Guest2/Documents/Unreal Projects/IAmSadder/IAmSad/Content/Characters/Mannequins/Animations/Manny/BS_MM_WalkRun.uasset" 735
"C:/Users/Guest2/Documents/Unreal Projects/IAmSadder/IAmSad/Content/Characters/Mannequins/Animations/Manny/BS_MM_WalkRun.uexp" 736
"C:/Users/Guest2/Documents/Unreal Projects/IAmSadder/IAmSad/Content/Characters/Mannequins/Animations/Manny/MM_Land.uasset" 737
"C:/Users/Guest2/Documents/Unreal Projects/IAmSadder/IAmSad/Content/Characters/Mannequins/Animations/Manny/MM_Land.uexp" 738
"C:/Users/Guest2/Documents/Unreal Projects/IAmSadder/IAmSad/Content/Characters/Mannequins/Animations/Manny/MM_Idle.uasset" 739
"C:/Users/Guest2/Documents/Unreal Projects/IAmSadder/IAmSad/Content/Characters/Mannequins/Animations/Manny/MM_Idle.uexp" 740
"C:/Users/Guest2/Documents/Unreal Projects/IAmSadder/IAmSad/Content/Characters/Mannequins/Animations/ABP_Manny.uasset" 741
"C:/Users/Guest2/Documents/Unreal Projects/IAmSadder/IAmSad/Content/Characters/Mannequins/Animations/ABP_Manny.uexp" 742
"C:/Users/Guest2/Documents/Unreal Projects/IAmSadder/IAmSad/Content/Characters/Mannequins/Animations/ABP_Quinn.uasset" 743
"C:/Users/Guest2/Documents/Unreal Projects/IAmSadder/IAmSad/Content/Characters/Mannequins/Animations/ABP_Quinn.uexp" 744
"C:/Users/Guest2/Documents/Unreal Projects/IAmSadder/IAmSad/Content/death.uasset" 745
"C:/Users/Guest2/Documents/Unreal Projects/IAmSadder/IAmSad/Content/death.uexp" 746
"C:/Users/Guest2/Documents/Unreal Projects/IAmSadder/IAmSad/Content/DeathScreen.uasset" 747
"C:/Users/Guest2/Documents/Unreal Projects/IAmSadder/IAmSad/Content/DeathScreen.uexp" 748
"C:/Users/Guest2/Documents/Unreal Projects/IAmSadder/IAmSad/Content/ActualAssets/Sounds/ClippedSounds/Death.ubulk" 749
"C:/Users/Guest2/Documents/Unreal Projects/IAmSadder/IAmSad/Content/ActualAssets/Sounds/ClippedSounds/Death.uasset" 750
"C:/Users/Guest2/Documents/Unreal Projects/IAmSadder/IAmSad/Content/ActualAssets/Sounds/ClippedSounds/Death.uexp" 751
"C:/Users/Guest2/Documents/Unreal Projects/IAmSadder/IAmSad/Content/ActualAssets/Sounds/ClippedSounds/glide.ubulk" 752
"C:/Users/Guest2/Documents/Unreal Projects/IAmSadder/IAmSad/Content/ActualAssets/Sounds/ClippedSounds/glide.uasset" 753
"C:/Users/Guest2/Documents/Unreal Projects/IAmSadder/IAmSad/Content/ActualAssets/Sounds/ClippedSounds/glide.uexp" 754
"C:/Users/Guest2/Documents/Unreal Projects/IAmSadder/IAmSad/Content/ThirdPerson/Blueprints/BP_ThirdPersonCharacter.uasset" 755
"C:/Users/Guest2/Documents/Unreal Projects/IAmSadder/IAmSad/Content/ThirdPerson/Blueprints/BP_ThirdPersonCharacter.uexp" 756
"../../../Engine/Content/EngineResources/FilmGrains/Marcie_Grain_v3_128_M2_000.uasset" 757
"../../../Engine/Content/EngineResources/FilmGrains/Marcie_Grain_v3_128_M2_000.uexp" 758
"../../../Engine/Content/EngineMaterials/LTC/Sheen_LTC.uasset" 759
"../../../Engine/Content/EngineMaterials/LTC/Sheen_LTC.uexp" 760
"../../../Engine/Content/EngineMaterials/LTC/GGX_LTCMat.uasset" 761
"../../../Engine/Content/EngineMaterials/LTC/GGX_LTCMat.uexp" 762
"../../../Engine/Content/EngineMaterials/LTC/GGX_LTCAmp.uasset" 763
"../../../Engine/Content/EngineMaterials/LTC/GGX_LTCAmp.uexp" 764
"../../../Engine/Content/EngineMaterials/EnergyConservation/Sheen_Energy.uasset" 765
"../../../Engine/Content/EngineMaterials/EnergyConservation/Sheen_Energy.uexp" 766
"../../../Engine/Content/EngineMaterials/EnergyConservation/SheenLegacy_Energy.uasset" 767
"../../../Engine/Content/EngineMaterials/EnergyConservation/SheenLegacy_Energy.uexp" 768
"../../../Engine/Content/EngineMaterials/EnergyConservation/GGX_TransmissionEnergyArray.uasset" 769
"../../../Engine/Content/EngineMaterials/EnergyConservation/GGX_TransmissionEnergyArray.uexp" 770
"../../../Engine/Content/EngineMaterials/EnergyConservation/GGX_ReflectionEnergy.uasset" 771
"../../../Engine/Content/EngineMaterials/EnergyConservation/GGX_ReflectionEnergy.uexp" 772
"../../../Engine/Content/EngineMaterials/EnergyConservation/Diffuse_Energy.uasset" 773
"../../../Engine/Content/EngineMaterials/EnergyConservation/Diffuse_Energy.uexp" 774
"../../../Engine/Content/EditorResources/SequenceRecorder/RecordingIndicator.uasset" 775
"../../../Engine/Content/EditorResources/SequenceRecorder/RecordingIndicator.uexp" 776
"../../../Engine/Content/EditorResources/SequenceRecorder/Countdown.uasset" 777
"../../../Engine/Content/EditorResources/SequenceRecorder/Countdown.uexp" 778
"../../../Engine/Content/EditorMaterials/ParticleSystems/PSysThumbnail_OOD.ubulk" 779
"../../../Engine/Content/EditorMaterials/ParticleSystems/PSysThumbnail_OOD.uasset" 780
"../../../Engine/Content/EditorMaterials/ParticleSystems/PSysThumbnail_OOD.uexp" 781
"../../../Engine/Content/EditorMaterials/ParticleSystems/PSysThumbnail_NoImage.ubulk" 782
"../../../Engine/Content/EditorMaterials/ParticleSystems/PSysThumbnail_NoImage.uasset" 783
"../../../Engine/Content/EditorMaterials/ParticleSystems/PSysThumbnail_NoImage.uexp" 784
"../../../Engine/Content/EngineResources/DefaultTextureCube.uasset" 785
"../../../Engine/Content/EngineResources/DefaultTextureCube.uexp" 786
"../../../Engine/Content/EngineResources/DefaultVolumeTexture2D.uasset" 787
"../../../Engine/Content/EngineResources/DefaultVolumeTexture2D.uexp" 788
"../../../Engine/Content/EngineResources/DefaultVolumeTexture.uasset" 789
"../../../Engine/Content/EngineResources/DefaultVolumeTexture.uexp" 790
"../../../Engine/Content/EngineMaterials/Substrate/Volume/SubstrateSimpleVolumeEnvLUT3D.uasset" 791
"../../../Engine/Content/EngineMaterials/Substrate/Volume/SubstrateSimpleVolumeEnvLUT3D.uexp" 792
"../../../Engine/Content/EngineMaterials/Substrate/Volume/SubstrateSimpleVolumeLUT3D.uasset" 793
"../../../Engine/Content/EngineMaterials/Substrate/Volume/SubstrateSimpleVolumeLUT3D.uexp" 794
"../../../Engine/Content/Functions/Engine_MaterialFunctions01/Shading/ConvertFromDiffSpec.uasset" 795
"../../../Engine/Content/Functions/Engine_MaterialFunctions01/Shading/ConvertFromDiffSpec.uexp" 796
"../../../Engine/Content/Functions/Engine_MaterialFunctions01/Shading/PowerToRoughness.uasset" 797
"../../../Engine/Content/Functions/Engine_MaterialFunctions01/Shading/PowerToRoughness.uexp" 798
"../../../Engine/Content/EditorMaterials/Dataflow/DataflowTwoSidedVertexMaterial.uasset" 799
"../../../Engine/Content/EditorMaterials/Dataflow/DataflowTwoSidedVertexMaterial.uexp" 800
"../../../Engine/Content/EditorMaterials/Dataflow/DataflowVertexMaterial.uasset" 801
"../../../Engine/Content/EditorMaterials/Dataflow/DataflowVertexMaterial.uexp" 802
"../../../Engine/Plugins/Interchange/Assets/Content/Functions/MX_AbsorptionVDF.uasset" 803
"../../../Engine/Plugins/Interchange/Assets/Content/Functions/MX_AbsorptionVDF.uexp" 804
"../../../Engine/Plugins/Interchange/Assets/Content/Functions/MX_AnisotropicVDF.uasset" 805
"../../../Engine/Plugins/Interchange/Assets/Content/Functions/MX_AnisotropicVDF.uexp" 806
"../../../Engine/Plugins/Interchange/Assets/Content/Functions/MX_BurleyDiffuseBSDF.uasset" 807
"../../../Engine/Plugins/Interchange/Assets/Content/Functions/MX_BurleyDiffuseBSDF.uexp" 808
"../../../Engine/Plugins/Interchange/Assets/Content/Functions/MX_ConductorBSDF.uasset" 809
"../../../Engine/Plugins/Interchange/Assets/Content/Functions/MX_ConductorBSDF.uexp" 810
"../../../Engine/Plugins/Interchange/Assets/Content/Functions/MX_ConicalEDF.uasset" 811
"../../../Engine/Plugins/Interchange/Assets/Content/Functions/MX_ConicalEDF.uexp" 812
"../../../Engine/Plugins/Interchange/Assets/Content/Functions/MX_DielectricBSDF.uasset" 813
"../../../Engine/Plugins/Interchange/Assets/Content/Functions/MX_DielectricBSDF.uexp" 814
"../../../Engine/Plugins/Interchange/Assets/Content/Functions/MX_GeneralizedSchlickBSDF.uasset" 815
"../../../Engine/Plugins/Interchange/Assets/Content/Functions/MX_GeneralizedSchlickBSDF.uexp" 816
"../../../Engine/Plugins/Interchange/Assets/Content/Functions/MX_MeasuredEDF.uasset" 817
"../../../Engine/Plugins/Interchange/Assets/Content/Functions/MX_MeasuredEDF.uexp" 818
"../../../Engine/Plugins/Interchange/Assets/Content/Utilities/New_LUT.uasset" 819
"../../../Engine/Plugins/Interchange/Assets/Content/Utilities/New_LUT.uexp" 820
"../../../Engine/Content/Functions/Engine_MaterialFunctions03/Math/RemapValueRange.uasset" 821
"../../../Engine/Content/Functions/Engine_MaterialFunctions03/Math/RemapValueRange.uexp" 822
"../../../Engine/Plugins/Interchange/Assets/Content/Functions/MF_Iridescence.uasset" 823
"../../../Engine/Plugins/Interchange/Assets/Content/Functions/MF_Iridescence.uexp" 824
"../../../Engine/Plugins/Interchange/Assets/Content/Functions/MX_StandardSurface.uasset" 825
"../../../Engine/Plugins/Interchange/Assets/Content/Functions/MX_StandardSurface.uexp" 826
"../../../Engine/Plugins/Interchange/Assets/Content/Functions/MX_OpenPBR_Opaque.uasset" 827
"../../../Engine/Plugins/Interchange/Assets/Content/Functions/MX_OpenPBR_Opaque.uexp" 828
"../../../Engine/Plugins/Interchange/Assets/Content/Functions/MX_TransmissionSurface.uasset" 829
"../../../Engine/Plugins/Interchange/Assets/Content/Functions/MX_TransmissionSurface.uexp" 830
"../../../Engine/Plugins/Interchange/Assets/Content/Functions/MX_OpenPBR_Translucent.uasset" 831
"../../../Engine/Plugins/Interchange/Assets/Content/Functions/MX_OpenPBR_Translucent.uexp" 832
"../../../Engine/Plugins/Interchange/Assets/Content/Functions/MX_OrenNayarBSDF.uasset" 833
"../../../Engine/Plugins/Interchange/Assets/Content/Functions/MX_OrenNayarBSDF.uexp" 834
"../../../Engine/Plugins/Interchange/Assets/Content/Functions/MX_SheenBSDF.uasset" 835
"../../../Engine/Plugins/Interchange/Assets/Content/Functions/MX_SheenBSDF.uexp" 836
"../../../Engine/Plugins/Interchange/Assets/Content/Functions/MX_SubsurfaceBSDF.uasset" 837
"../../../Engine/Plugins/Interchange/Assets/Content/Functions/MX_SubsurfaceBSDF.uexp" 838
"../../../Engine/Plugins/Interchange/Assets/Content/Functions/MX_Surface.uasset" 839
"../../../Engine/Plugins/Interchange/Assets/Content/Functions/MX_Surface.uexp" 840
"../../../Engine/Plugins/Interchange/Assets/Content/Functions/MX_SurfaceUnlit.uasset" 841
"../../../Engine/Plugins/Interchange/Assets/Content/Functions/MX_SurfaceUnlit.uexp" 842
"../../../Engine/Plugins/Interchange/Assets/Content/Functions/MX_ThinFilmBSDF.uasset" 843
"../../../Engine/Plugins/Interchange/Assets/Content/Functions/MX_ThinFilmBSDF.uexp" 844
"../../../Engine/Plugins/Interchange/Assets/Content/Functions/MX_TranslucentBSDF.uasset" 845
"../../../Engine/Plugins/Interchange/Assets/Content/Functions/MX_TranslucentBSDF.uexp" 846
"../../../Engine/Plugins/Interchange/Assets/Content/Functions/MX_UniformEDF.uasset" 847
"../../../Engine/Plugins/Interchange/Assets/Content/Functions/MX_UniformEDF.uexp" 848
"../../../Engine/Plugins/Interchange/Assets/Content/Functions/MX_UsdPreviewSurface.uasset" 849
"../../../Engine/Plugins/Interchange/Assets/Content/Functions/MX_UsdPreviewSurface.uexp" 850
"../../../Engine/Plugins/Runtime/HairStrands/Content/Materials/HairCardsDefaultMaterial.uasset" 851
"../../../Engine/Plugins/Runtime/HairStrands/Content/Materials/HairCardsDefaultMaterial.uexp" 852
"../../../Engine/Plugins/Runtime/HairStrands/Content/Materials/HairGroupColors.uasset" 853
"../../../Engine/Plugins/Runtime/HairStrands/Content/Materials/HairGroupColors.uexp" 854
"../../../Engine/Content/Functions/Engine_MaterialFunctions02/Utility/MakeFloat2.uasset" 855
"../../../Engine/Content/Functions/Engine_MaterialFunctions02/Utility/MakeFloat2.uexp" 856
"../../../Engine/Content/Functions/Engine_MaterialFunctions02/Utility/MakeFloat3.uasset" 857
"../../../Engine/Content/Functions/Engine_MaterialFunctions02/Utility/MakeFloat3.uexp" 858
"../../../Engine/Content/EngineMaterials/HairColorMap.uasset" 859
"../../../Engine/Content/EngineMaterials/HairColorMap.uexp" 860
"../../../Engine/Content/EngineMaterials/HairDebugColor.uasset" 861
"../../../Engine/Content/EngineMaterials/HairDebugColor.uexp" 862
"../../../Engine/Plugins/Runtime/HairStrands/Content/Materials/HairDebugMaterial.uasset" 863
"../../../Engine/Plugins/Runtime/HairStrands/Content/Materials/HairDebugMaterial.uexp" 864
"../../../Engine/Plugins/Runtime/HairStrands/Content/Materials/HairDefaultMaterial.uasset" 865
"../../../Engine/Plugins/Runtime/HairStrands/Content/Materials/HairDefaultMaterial.uexp" 866
"../../../Engine/Plugins/Runtime/HairStrands/Content/Materials/HairMeshesDefaultMaterial.uasset" 867
"../../../Engine/Plugins/Runtime/HairStrands/Content/Materials/HairMeshesDefaultMaterial.uexp" 868
"../../../Engine/Plugins/Runtime/MeshModelingToolset/Content/Materials/M_DynamicMeshComponentVtxColor.uasset" 869
"../../../Engine/Plugins/Runtime/MeshModelingToolset/Content/Materials/M_DynamicMeshComponentVtxColor.uexp" 870
"../../../Engine/Content/EditorMaterials/PhAT_NoCollisionMaterial.uasset" 871
"../../../Engine/Content/EditorMaterials/PhAT_NoCollisionMaterial.uexp" 872
"../../../Engine/Content/EditorMaterials/PhAT_UnselectedMaterial.uasset" 873
"../../../Engine/Content/EditorMaterials/PhAT_UnselectedMaterial.uexp" 874
"../../../Engine/Content/EditorMaterials/PreviewShadowIndicator.ubulk" 875
"../../../Engine/Content/EditorMaterials/PreviewShadowIndicator.uasset" 876
"../../../Engine/Content/EditorMaterials/PreviewShadowIndicator.uexp" 877
"../../../Engine/Content/EditorMaterials/PreviewShadowIndicatorMaterial.uasset" 878
"../../../Engine/Content/EditorMaterials/PreviewShadowIndicatorMaterial.uexp" 879
"../../../Engine/Content/EngineDebugMaterials/DebugEditorMaterial.uasset" 880
"../../../Engine/Content/EngineDebugMaterials/DebugEditorMaterial.uexp" 881
"../../../Engine/Content/EngineDebugMaterials/DebugMeshMaterial.uasset" 882
"../../../Engine/Content/EngineDebugMaterials/DebugMeshMaterial.uexp" 883
"../../../Engine/Content/EngineDebugMaterials/M_SimpleUnlitTranslucent.uasset" 884
"../../../Engine/Content/EngineDebugMaterials/M_SimpleUnlitTranslucent.uexp" 885
"../../../Engine/Content/Functions/Engine_MaterialFunctions02/Utility/CameraDirectionVector.uasset" 886
"../../../Engine/Content/Functions/Engine_MaterialFunctions02/Utility/CameraDirectionVector.uexp" 887
"../../../Engine/Content/EngineDebugMaterials/VolumeToRender.uasset" 888
"../../../Engine/Content/EngineDebugMaterials/VolumeToRender.uexp" 889
"../../../Engine/Content/EngineDebugMaterials/M_VolumeRenderSphereTracePP.uasset" 890
"../../../Engine/Content/EngineDebugMaterials/M_VolumeRenderSphereTracePP.uexp" 891
"../../../Engine/Content/EngineMaterials/DefaultDiffuse.ubulk" 892
"../../../Engine/Content/EngineMaterials/DefaultDiffuse.uasset" 893
"../../../Engine/Content/EngineMaterials/DefaultDiffuse.uexp" 894
"../../../Engine/Content/EngineMaterials/DefaultDeferredDecalMaterial.uasset" 895
"../../../Engine/Content/EngineMaterials/DefaultDeferredDecalMaterial.uexp" 896
"../../../Engine/Content/EngineMaterials/DefaultLightFunctionMaterial.uasset" 897
"../../../Engine/Content/EngineMaterials/DefaultLightFunctionMaterial.uexp" 898
"../../../Engine/Content/EngineMaterials/DefaultPostProcessMaterial.uasset" 899
"../../../Engine/Content/EngineMaterials/DefaultPostProcessMaterial.uexp" 900
"../../../Engine/Content/EngineFonts/RobotoDistanceField.uasset" 901
"../../../Engine/Content/EngineFonts/RobotoDistanceField.uexp" 902
"../../../Engine/Content/EngineMaterials/DefaultTextMaterialOpaque.uasset" 903
"../../../Engine/Content/EngineMaterials/DefaultTextMaterialOpaque.uexp" 904
"../../../Engine/Content/EngineMaterials/DefaultWhiteGrid_Low.uasset" 905
"../../../Engine/Content/EngineMaterials/DefaultWhiteGrid_Low.uexp" 906
"../../../Engine/Content/EngineMaterials/EmissiveMeshMaterial.uasset" 907
"../../../Engine/Content/EngineMaterials/EmissiveMeshMaterial.uexp" 908
"../../../Engine/Content/EngineMaterials/BaseFlattenNormalMap.uasset" 909
"../../../Engine/Content/EngineMaterials/BaseFlattenNormalMap.uexp" 910
"../../../Engine/Content/EngineMaterials/BaseFlattenGrayscaleMap.uasset" 911
"../../../Engine/Content/EngineMaterials/BaseFlattenGrayscaleMap.uexp" 912
"../../../Engine/Content/EngineMaterials/BaseFlattenDiffuseMap.uasset" 913
"../../../Engine/Content/EngineMaterials/BaseFlattenDiffuseMap.uexp" 914
"../../../Engine/Content/Functions/Engine_MaterialFunctions02/PivotPainter2/Black_1x1_EXR_Texture.uasset" 915
"../../../Engine/Content/Functions/Engine_MaterialFunctions02/PivotPainter2/Black_1x1_EXR_Texture.uexp" 916
"../../../Engine/Content/EngineMaterials/BaseFlattenEmissiveMap.uasset" 917
"../../../Engine/Content/EngineMaterials/BaseFlattenEmissiveMap.uexp" 918
"../../../Engine/Content/EngineMaterials/BaseFlattenLinearColor.uasset" 919
"../../../Engine/Content/EngineMaterials/BaseFlattenLinearColor.uexp" 920
"../../../Engine/Content/EngineMaterials/FlattenMaterial.uasset" 921
"../../../Engine/Content/EngineMaterials/FlattenMaterial.uexp" 922
"../../../Engine/Content/EngineMaterials/BaseFlattenEmissiveMap_VT.uasset" 923
"../../../Engine/Content/EngineMaterials/BaseFlattenEmissiveMap_VT.uexp" 924
"../../../Engine/Content/EngineMaterials/BaseFlattenGrayscaleMap_VT.uasset" 925
"../../../Engine/Content/EngineMaterials/BaseFlattenGrayscaleMap_VT.uexp" 926
"../../../Engine/Content/EngineMaterials/BaseFlattenLinearColor_VT.uasset" 927
"../../../Engine/Content/EngineMaterials/BaseFlattenLinearColor_VT.uexp" 928
"../../../Engine/Content/EngineMaterials/Black_1x1_EXR_Texture_VT.uasset" 929
"../../../Engine/Content/EngineMaterials/Black_1x1_EXR_Texture_VT.uexp" 930
"../../../Engine/Content/EngineMaterials/BaseFlattenDiffuseMap_VT.uasset" 931
"../../../Engine/Content/EngineMaterials/BaseFlattenDiffuseMap_VT.uexp" 932
"../../../Engine/Content/EngineMaterials/BaseFlattenNormalMap_VT.uasset" 933
"../../../Engine/Content/EngineMaterials/BaseFlattenNormalMap_VT.uexp" 934
"../../../Engine/Content/EngineMaterials/FlattenMaterial_VT.uasset" 935
"../../../Engine/Content/EngineMaterials/FlattenMaterial_VT.uexp" 936
"../../../Engine/Content/EngineMaterials/FlattenMaterial_WS_Normal_VT.uasset" 937
"../../../Engine/Content/EngineMaterials/FlattenMaterial_WS_Normal_VT.uexp" 938
"../../../Engine/Content/EngineMaterials/GizmoMaterial.uasset" 939
"../../../Engine/Content/EngineMaterials/GizmoMaterial.uexp" 940
"../../../Engine/Content/EngineMaterials/InvalidLightmapSettings.ubulk" 941
"../../../Engine/Content/EngineMaterials/InvalidLightmapSettings.uasset" 942
"../../../Engine/Content/EngineMaterials/InvalidLightmapSettings.uexp" 943
"../../../Engine/Content/EngineMaterials/M_InvalidLightmapSettings.uasset" 944
"../../../Engine/Content/EngineMaterials/M_InvalidLightmapSettings.uexp" 945
"../../../Engine/Content/EngineMaterials/NaniteHiddenSectionMaterial.uasset" 946
"../../../Engine/Content/EngineMaterials/NaniteHiddenSectionMaterial.uexp" 947
"../../../Engine/Content/Functions/Engine_MaterialFunctions02/WorldPositionOffset/CameraOffset.uasset" 948
"../../../Engine/Content/Functions/Engine_MaterialFunctions02/WorldPositionOffset/CameraOffset.uexp" 949
"../../../Engine/Content/EngineMaterials/PhAT_JointLimitMaterial.uasset" 950
"../../../Engine/Content/EngineMaterials/PhAT_JointLimitMaterial.uexp" 951
"../../../Engine/Content/EngineMaterials/DefaultCalibrationColor.uasset" 952
"../../../Engine/Content/EngineMaterials/DefaultCalibrationColor.uexp" 953
"../../../Engine/Content/EngineMaterials/PPM_DefaultCalibrationColor.uasset" 954
"../../../Engine/Content/EngineMaterials/PPM_DefaultCalibrationColor.uexp" 955
"../../../Engine/Content/EngineMaterials/DefaultCalibrationGrayscale.uasset" 956
"../../../Engine/Content/EngineMaterials/DefaultCalibrationGrayscale.uexp" 957
"../../../Engine/Content/EngineMaterials/PPM_DefaultCalibrationGrayscale.uasset" 958
"../../../Engine/Content/EngineMaterials/PPM_DefaultCalibrationGrayscale.uexp" 959
"../../../Engine/Content/EngineMaterials/RemoveSurfaceMaterial.uasset" 960
"../../../Engine/Content/EngineMaterials/RemoveSurfaceMaterial.uexp" 961
"../../../Engine/Plugins/Animation/ControlRig/Content/Controls/ControlRigGizmoMaterial.uasset" 962
"../../../Engine/Plugins/Animation/ControlRig/Content/Controls/ControlRigGizmoMaterial.uexp" 963
"../../../Engine/Plugins/Animation/ControlRig/Content/Controls/ControlRigXRayMaterial.uasset" 964
"../../../Engine/Plugins/Animation/ControlRig/Content/Controls/ControlRigXRayMaterial.uexp" 965
"../../../Engine/Plugins/Editor/SpeedTreeImporter/Content/SpeedTree9/game_wind_noise.ubulk" 966
"../../../Engine/Plugins/Editor/SpeedTreeImporter/Content/SpeedTree9/game_wind_noise.uasset" 967
"../../../Engine/Plugins/Editor/SpeedTreeImporter/Content/SpeedTree9/game_wind_noise.uexp" 968
"../../../Engine/Plugins/Editor/SpeedTreeImporter/Content/SpeedTree9/UnpackDirection.uasset" 969
"../../../Engine/Plugins/Editor/SpeedTreeImporter/Content/SpeedTree9/UnpackDirection.uexp" 970
"../../../Engine/Content/Functions/Engine_MaterialFunctions02/ObjectLocalBounds.uasset" 971
"../../../Engine/Content/Functions/Engine_MaterialFunctions02/ObjectLocalBounds.uexp" 972
"../../../Engine/Content/Functions/Engine_MaterialFunctions02/Utility/BreakOutFloat3Components.uasset" 973
"../../../Engine/Content/Functions/Engine_MaterialFunctions02/Utility/BreakOutFloat3Components.uexp" 974
"../../../Engine/Content/Functions/Engine_MaterialFunctions02/UVs/BoundingBoxBased_0-1_UVW.uasset" 975
"../../../Engine/Content/Functions/Engine_MaterialFunctions02/UVs/BoundingBoxBased_0-1_UVW.uexp" 976
"../../../Engine/Plugins/Editor/SpeedTreeImporter/Content/SpeedTree9/SpeedTreeBillboard.uasset" 977
"../../../Engine/Plugins/Editor/SpeedTreeImporter/Content/SpeedTree9/SpeedTreeBillboard.uexp" 978
"../../../Engine/Content/Functions/Engine_MaterialFunctions02/Utility/VectorLength.uasset" 979
"../../../Engine/Content/Functions/Engine_MaterialFunctions02/Utility/VectorLength.uexp" 980
"../../../Engine/Plugins/Editor/SpeedTreeImporter/Content/SpeedTree9/UnpackInteger3.uasset" 981
"../../../Engine/Plugins/Editor/SpeedTreeImporter/Content/SpeedTree9/UnpackInteger3.uexp" 982
"../../../Engine/Content/Functions/Engine_MaterialFunctions02/WorldPositionOffset/ObjectScale.uasset" 983
"../../../Engine/Content/Functions/Engine_MaterialFunctions02/WorldPositionOffset/ObjectScale.uexp" 984
"../../../Engine/Content/Functions/Engine_MaterialFunctions02/SafeNormalize.uasset" 985
"../../../Engine/Content/Functions/Engine_MaterialFunctions02/SafeNormalize.uexp" 986
"../../../Engine/Plugins/Editor/SpeedTreeImporter/Content/SpeedTree9/SpeedTreeWindMotion.uasset" 987
"../../../Engine/Plugins/Editor/SpeedTreeImporter/Content/SpeedTree9/SpeedTreeWindMotion.uexp" 988
"../../../Engine/Plugins/Editor/SpeedTreeImporter/Content/SpeedTree9/SpeedTreeBranchMotion.uasset" 989
"../../../Engine/Plugins/Editor/SpeedTreeImporter/Content/SpeedTree9/SpeedTreeBranchMotion.uexp" 990
"../../../Engine/Plugins/Editor/SpeedTreeImporter/Content/SpeedTree9/SpeedTreeWind.uasset" 991
"../../../Engine/Plugins/Editor/SpeedTreeImporter/Content/SpeedTree9/SpeedTreeWind.uexp" 992
"../../../Engine/Plugins/Editor/SpeedTreeImporter/Content/SpeedTree9/EmptyNormal.uasset" 993
"../../../Engine/Plugins/Editor/SpeedTreeImporter/Content/SpeedTree9/EmptyNormal.uexp" 994
"../../../Engine/Plugins/Editor/SpeedTreeImporter/Content/SpeedTree9/Empty.uasset" 995
"../../../Engine/Plugins/Editor/SpeedTreeImporter/Content/SpeedTree9/Empty.uexp" 996
"../../../Engine/Plugins/Editor/SpeedTreeImporter/Content/SpeedTree9/SpeedTreeBillboardMaster.uasset" 997
"../../../Engine/Plugins/Editor/SpeedTreeImporter/Content/SpeedTree9/SpeedTreeBillboardMaster.uexp" 998
"../../../Engine/Plugins/Editor/SpeedTreeImporter/Content/SpeedTree9/SpeedTreeCameraFacing.uasset" 999
"../../../Engine/Plugins/Editor/SpeedTreeImporter/Content/SpeedTree9/SpeedTreeCameraFacing.uexp" 1000
"../../../Engine/Plugins/Editor/SpeedTreeImporter/Content/SpeedTree9/SpeedTreeMaster.uasset" 1001
"../../../Engine/Plugins/Editor/SpeedTreeImporter/Content/SpeedTree9/SpeedTreeMaster.uexp" 1002
"../../../Engine/Plugins/Animation/ControlRig/Content/M_Manip.uasset" 1003
"../../../Engine/Plugins/Animation/ControlRig/Content/M_Manip.uexp" 1004
"../../../Engine/Content/EngineMaterials/Substrate/GLints/AGlintTex2dArray.uasset" 1005
"../../../Engine/Content/EngineMaterials/Substrate/GLints/AGlintTex2dArray.uexp" 1006
"../../../Engine/Content/EngineMaterials/WeightMapPlaceholderTexture.uasset" 1007
"../../../Engine/Content/EngineMaterials/WeightMapPlaceholderTexture.uexp" 1008
"../../../Engine/Content/EngineMaterials/WeightMapArrayPlaceholderTexture.uasset" 1009
"../../../Engine/Content/EngineMaterials/WeightMapArrayPlaceholderTexture.uexp" 1010
"../../../Engine/Content/EngineMaterials/Substrate/GLints2/AGlintTex2dArray2.uasset" 1011
"../../../Engine/Content/EngineMaterials/Substrate/GLints2/AGlintTex2dArray2.uexp" 1012
"C:/Users/Guest2/Documents/Unreal Projects/IAmSadder/IAmSad/Content/ActualAssets/Sounds/venice.ubulk" 1013
"C:/Users/Guest2/Documents/Unreal Projects/IAmSadder/IAmSad/Content/ActualAssets/Sounds/venice.uasset" 1014
"C:/Users/Guest2/Documents/Unreal Projects/IAmSadder/IAmSad/Content/ActualAssets/Sounds/venice.uexp" 1015
"../../../Engine/Plugins/NNE/NNEDenoiser/Content/NNEDIM_ColorAlbedoNormal_Alpha.uasset" 1016
"../../../Engine/Plugins/NNE/NNEDenoiser/Content/NNEDIM_ColorAlbedoNormal_Alpha.uexp" 1017
"../../../Engine/Plugins/NNE/NNEDenoiser/Content/NNEDIM_ColorAlbedoNormal_Default.uasset" 1018
"../../../Engine/Plugins/NNE/NNEDenoiser/Content/NNEDIM_ColorAlbedoNormal_Default.uexp" 1019
"../../../Engine/Plugins/NNE/NNEDenoiser/Content/NNEDIM_HighQuality_Alpha.uasset" 1020
"../../../Engine/Plugins/NNE/NNEDenoiser/Content/NNEDIM_HighQuality_Alpha.uexp" 1021
"../../../Engine/Plugins/NNE/NNEDenoiser/Content/NNEDIM_HighQuality_Default.uasset" 1022
"../../../Engine/Plugins/NNE/NNEDenoiser/Content/NNEDIM_HighQuality_Default.uexp" 1023
"../../../Engine/Plugins/NNE/NNEDenoiser/Content/NNEDOM_Output_Alpha.uasset" 1024
"../../../Engine/Plugins/NNE/NNEDenoiser/Content/NNEDOM_Output_Alpha.uexp" 1025
"../../../Engine/Plugins/NNE/NNEDenoiser/Content/NNEDOM_Output_Default.uasset" 1026
"../../../Engine/Plugins/NNE/NNEDenoiser/Content/NNEDOM_Output_Default.uexp" 1027
"../../../Engine/Plugins/NNE/NNEDenoiser/Content/NNEDTIM_ColorAlbedoNormal_Alpha.uasset" 1028
"../../../Engine/Plugins/NNE/NNEDenoiser/Content/NNEDTIM_ColorAlbedoNormal_Alpha.uexp" 1029
"../../../Engine/Plugins/NNE/NNEDenoiser/Content/NNEDTIM_ColorAlbedoNormal_Default.uasset" 1030
"../../../Engine/Plugins/NNE/NNEDenoiser/Content/NNEDTIM_ColorAlbedoNormal_Default.uexp" 1031
"../../../Engine/Plugins/NNE/NNEDenoiser/Content/NNEDTOM_Output_Alpha.uasset" 1032
"../../../Engine/Plugins/NNE/NNEDenoiser/Content/NNEDTOM_Output_Alpha.uexp" 1033
"../../../Engine/Plugins/NNE/NNEDenoiser/Content/NNEDTOM_Output_Default.uasset" 1034
"../../../Engine/Plugins/NNE/NNEDenoiser/Content/NNEDTOM_Output_Default.uexp" 1035
"../../../Engine/Content/EngineMeshes/Sphere.ubulk" 1036
"../../../Engine/Content/EngineMeshes/Sphere.uasset" 1037
"../../../Engine/Content/EngineMeshes/Sphere.uexp" 1038
"../../../Engine/Content/VREditor/TransformGizmo/Main.uasset" 1039
"../../../Engine/Content/VREditor/TransformGizmo/Main.uexp" 1040
"../../../Engine/Content/VREditor/TransformGizmo/Xray.uasset" 1041
"../../../Engine/Content/VREditor/TransformGizmo/Xray.uexp" 1042
"../../../Engine/Content/VREditor/TransformGizmo/SM_Sequencer_Node.ubulk" 1043
"../../../Engine/Content/VREditor/TransformGizmo/SM_Sequencer_Node.uasset" 1044
"../../../Engine/Content/VREditor/TransformGizmo/SM_Sequencer_Node.uexp" 1045
"../../../Engine/Content/EngineMaterials/T_Default_Material_Grid_M.ubulk" 1046
"../../../Engine/Content/EngineMaterials/T_Default_Material_Grid_M.uasset" 1047
"../../../Engine/Content/EngineMaterials/T_Default_Material_Grid_M.uexp" 1048
"../../../Engine/Content/EngineMaterials/T_Default_Material_Grid_N.ubulk" 1049
"../../../Engine/Content/EngineMaterials/T_Default_Material_Grid_N.uasset" 1050
"../../../Engine/Content/EngineMaterials/T_Default_Material_Grid_N.uexp" 1051
"../../../Engine/Content/Functions/Engine_MaterialFunctions01/Opacity/CameraDepthFade.uasset" 1052
"../../../Engine/Content/Functions/Engine_MaterialFunctions01/Opacity/CameraDepthFade.uexp" 1053
"../../../Engine/Content/EngineMaterials/WorldGridMaterial.uasset" 1054
"../../../Engine/Content/EngineMaterials/WorldGridMaterial.uexp" 1055
"../../../Engine/Content/BasicShapes/Plane.ubulk" 1056
"../../../Engine/Content/BasicShapes/Plane.uasset" 1057
"../../../Engine/Content/BasicShapes/Plane.uexp" 1058
"../../../Engine/Content/BasicShapes/BasicShapeMaterial.uasset" 1059
"../../../Engine/Content/BasicShapes/BasicShapeMaterial.uexp" 1060
"C:/Users/Guest2/Documents/Unreal Projects/IAmSadder/IAmSad/Content/Models/TexturesAndMats/WallDeco/Column1.ubulk" 1061
"C:/Users/Guest2/Documents/Unreal Projects/IAmSadder/IAmSad/Content/Models/TexturesAndMats/WallDeco/Column1.uasset" 1062
"C:/Users/Guest2/Documents/Unreal Projects/IAmSadder/IAmSad/Content/Models/TexturesAndMats/WallDeco/Column1.uexp" 1063
"C:/Users/Guest2/Documents/Unreal Projects/IAmSadder/IAmSad/Content/Models/TexturesAndMats/WallDeco/Column1_Base_color.ubulk" 1064
"C:/Users/Guest2/Documents/Unreal Projects/IAmSadder/IAmSad/Content/Models/TexturesAndMats/WallDeco/Column1_Base_color.uasset" 1065
"C:/Users/Guest2/Documents/Unreal Projects/IAmSadder/IAmSad/Content/Models/TexturesAndMats/WallDeco/Column1_Base_color.uexp" 1066
"C:/Users/Guest2/Documents/Unreal Projects/IAmSadder/IAmSad/Content/Models/TexturesAndMats/WallDeco/M_Column1.uasset" 1067
"C:/Users/Guest2/Documents/Unreal Projects/IAmSadder/IAmSad/Content/Models/TexturesAndMats/WallDeco/M_Column1.uexp" 1068
"C:/Users/Guest2/Documents/Unreal Projects/IAmSadder/IAmSad/Content/Models/TexturesAndMats/WallDeco/Door.ubulk" 1069
"C:/Users/Guest2/Documents/Unreal Projects/IAmSadder/IAmSad/Content/Models/TexturesAndMats/WallDeco/Door.uasset" 1070
"C:/Users/Guest2/Documents/Unreal Projects/IAmSadder/IAmSad/Content/Models/TexturesAndMats/WallDeco/Door.uexp" 1071
"C:/Users/Guest2/Documents/Unreal Projects/IAmSadder/IAmSad/Content/Models/TexturesAndMats/WallDeco/Door_Base_color.ubulk" 1072
"C:/Users/Guest2/Documents/Unreal Projects/IAmSadder/IAmSad/Content/Models/TexturesAndMats/WallDeco/Door_Base_color.uasset" 1073
"C:/Users/Guest2/Documents/Unreal Projects/IAmSadder/IAmSad/Content/Models/TexturesAndMats/WallDeco/Door_Base_color.uexp" 1074
"C:/Users/Guest2/Documents/Unreal Projects/IAmSadder/IAmSad/Content/Models/TexturesAndMats/WallDeco/M_Door.uasset" 1075
"C:/Users/Guest2/Documents/Unreal Projects/IAmSadder/IAmSad/Content/Models/TexturesAndMats/WallDeco/M_Door.uexp" 1076
"C:/Users/Guest2/Documents/Unreal Projects/IAmSadder/IAmSad/Content/LevelPrototyping/Textures/T_GridChecker_A.ubulk" 1077
"C:/Users/Guest2/Documents/Unreal Projects/IAmSadder/IAmSad/Content/LevelPrototyping/Textures/T_GridChecker_A.uasset" 1078
"C:/Users/Guest2/Documents/Unreal Projects/IAmSadder/IAmSad/Content/LevelPrototyping/Textures/T_GridChecker_A.uexp" 1079
"../../../Engine/Content/Functions/Engine_MaterialFunctions01/Gradient/LinearGradient.uasset" 1080
"../../../Engine/Content/Functions/Engine_MaterialFunctions01/Gradient/LinearGradient.uexp" 1081
"../../../Engine/Content/Functions/Engine_MaterialFunctions01/ImageAdjustment/CheapContrast.uasset" 1082
"../../../Engine/Content/Functions/Engine_MaterialFunctions01/ImageAdjustment/CheapContrast.uexp" 1083
"C:/Users/Guest2/Documents/Unreal Projects/IAmSadder/IAmSad/Content/LevelPrototyping/Materials/MF_ProcGrid.uasset" 1084
"C:/Users/Guest2/Documents/Unreal Projects/IAmSadder/IAmSad/Content/LevelPrototyping/Materials/MF_ProcGrid.uexp" 1085
"C:/Users/Guest2/Documents/Unreal Projects/IAmSadder/IAmSad/Content/LevelPrototyping/Materials/M_PrototypeGrid.uasset" 1086
"C:/Users/Guest2/Documents/Unreal Projects/IAmSadder/IAmSad/Content/LevelPrototyping/Materials/M_PrototypeGrid.uexp" 1087
"C:/Users/Guest2/Documents/Unreal Projects/IAmSadder/IAmSad/Content/LevelPrototyping/Materials/MI_PrototypeGrid_Gray.uasset" 1088
"C:/Users/Guest2/Documents/Unreal Projects/IAmSadder/IAmSad/Content/LevelPrototyping/Materials/MI_PrototypeGrid_Gray.uexp" 1089
"C:/Users/Guest2/Documents/Unreal Projects/IAmSadder/IAmSad/Content/LevelPrototyping/Meshes/SM_Cube.ubulk" 1090
"C:/Users/Guest2/Documents/Unreal Projects/IAmSadder/IAmSad/Content/LevelPrototyping/Meshes/SM_Cube.uasset" 1091
"C:/Users/Guest2/Documents/Unreal Projects/IAmSadder/IAmSad/Content/LevelPrototyping/Meshes/SM_Cube.uexp" 1092
"C:/Users/Guest2/Documents/Unreal Projects/IAmSadder/IAmSad/Content/VFX/M_Test.uasset" 1093
"C:/Users/Guest2/Documents/Unreal Projects/IAmSadder/IAmSad/Content/VFX/M_Test.uexp" 1094
"C:/Users/Guest2/Documents/Unreal Projects/IAmSadder/IAmSad/Content/VFX/M_Test_Inst.uasset" 1095
"C:/Users/Guest2/Documents/Unreal Projects/IAmSadder/IAmSad/Content/VFX/M_Test_Inst.uexp" 1096
"C:/Users/Guest2/Documents/Unreal Projects/IAmSadder/IAmSad/Content/Models/TexturesAndMats/FloorStuff/Vase1.ubulk" 1097
"C:/Users/Guest2/Documents/Unreal Projects/IAmSadder/IAmSad/Content/Models/TexturesAndMats/FloorStuff/Vase1.uasset" 1098
"C:/Users/Guest2/Documents/Unreal Projects/IAmSadder/IAmSad/Content/Models/TexturesAndMats/FloorStuff/Vase1.uexp" 1099
"C:/Users/Guest2/Documents/Unreal Projects/IAmSadder/IAmSad/Content/Models/TexturesAndMats/FloorStuff/Vases_Base_color.ubulk" 1100
"C:/Users/Guest2/Documents/Unreal Projects/IAmSadder/IAmSad/Content/Models/TexturesAndMats/FloorStuff/Vases_Base_color.uasset" 1101
"C:/Users/Guest2/Documents/Unreal Projects/IAmSadder/IAmSad/Content/Models/TexturesAndMats/FloorStuff/Vases_Base_color.uexp" 1102
"C:/Users/Guest2/Documents/Unreal Projects/IAmSadder/IAmSad/Content/Models/TexturesAndMats/FloorStuff/M_Vases.uasset" 1103
"C:/Users/Guest2/Documents/Unreal Projects/IAmSadder/IAmSad/Content/Models/TexturesAndMats/FloorStuff/M_Vases.uexp" 1104
"C:/Users/Guest2/Documents/Unreal Projects/IAmSadder/IAmSad/Content/Models/TexturesAndMats/FloorStuff/M_Vases_Inst.uasset" 1105
"C:/Users/Guest2/Documents/Unreal Projects/IAmSadder/IAmSad/Content/Models/TexturesAndMats/FloorStuff/M_Vases_Inst.uexp" 1106
"C:/Users/Guest2/Documents/Unreal Projects/IAmSadder/IAmSad/Content/Models/TexturesAndMats/WallLvl1_BaseColor.ubulk" 1107
"C:/Users/Guest2/Documents/Unreal Projects/IAmSadder/IAmSad/Content/Models/TexturesAndMats/WallLvl1_BaseColor.uasset" 1108
"C:/Users/Guest2/Documents/Unreal Projects/IAmSadder/IAmSad/Content/Models/TexturesAndMats/WallLvl1_BaseColor.uexp" 1109
"C:/Users/Guest2/Documents/Unreal Projects/IAmSadder/IAmSad/Content/Models/TexturesAndMats/M_WallLevel1.uasset" 1110
"C:/Users/Guest2/Documents/Unreal Projects/IAmSadder/IAmSad/Content/Models/TexturesAndMats/M_WallLevel1.uexp" 1111
"C:/Users/Guest2/Documents/Unreal Projects/IAmSadder/IAmSad/Content/Models/TexturesAndMats/WallLevel1.ubulk" 1112
"C:/Users/Guest2/Documents/Unreal Projects/IAmSadder/IAmSad/Content/Models/TexturesAndMats/WallLevel1.uasset" 1113
"C:/Users/Guest2/Documents/Unreal Projects/IAmSadder/IAmSad/Content/Models/TexturesAndMats/WallLevel1.uexp" 1114
"C:/Users/Guest2/Documents/Unreal Projects/IAmSadder/IAmSad/Content/Models/TexturesAndMats/M_WallLevel1_Inst.uasset" 1115
"C:/Users/Guest2/Documents/Unreal Projects/IAmSadder/IAmSad/Content/Models/TexturesAndMats/M_WallLevel1_Inst.uexp" 1116
"C:/Users/Guest2/Documents/Unreal Projects/IAmSadder/IAmSad/Content/Models/TexturesAndMats/WallDeco/MaceWindoo.ubulk" 1117
"C:/Users/Guest2/Documents/Unreal Projects/IAmSadder/IAmSad/Content/Models/TexturesAndMats/WallDeco/MaceWindoo.uasset" 1118
"C:/Users/Guest2/Documents/Unreal Projects/IAmSadder/IAmSad/Content/Models/TexturesAndMats/WallDeco/MaceWindoo.uexp" 1119
"C:/Users/Guest2/Documents/Unreal Projects/IAmSadder/IAmSad/Content/Models/TexturesAndMats/WallDeco/MaceWindoo_Base_color.ubulk" 1120
"C:/Users/Guest2/Documents/Unreal Projects/IAmSadder/IAmSad/Content/Models/TexturesAndMats/WallDeco/MaceWindoo_Base_color.uasset" 1121
"C:/Users/Guest2/Documents/Unreal Projects/IAmSadder/IAmSad/Content/Models/TexturesAndMats/WallDeco/MaceWindoo_Base_color.uexp" 1122
"C:/Users/Guest2/Documents/Unreal Projects/IAmSadder/IAmSad/Content/Models/TexturesAndMats/WallDeco/M_MaceWindoo.uasset" 1123
"C:/Users/Guest2/Documents/Unreal Projects/IAmSadder/IAmSad/Content/Models/TexturesAndMats/WallDeco/M_MaceWindoo.uexp" 1124
"C:/Users/Guest2/Documents/Unreal Projects/IAmSadder/IAmSad/Content/Models/TexturesAndMats/FloorStuff/M_Vases_Inst1.uasset" 1125
"C:/Users/Guest2/Documents/Unreal Projects/IAmSadder/IAmSad/Content/Models/TexturesAndMats/FloorStuff/M_Vases_Inst1.uexp" 1126
"C:/Users/Guest2/Documents/Unreal Projects/IAmSadder/IAmSad/Content/Models/TexturesAndMats/FloorStuff/Vase3.ubulk" 1127
"C:/Users/Guest2/Documents/Unreal Projects/IAmSadder/IAmSad/Content/Models/TexturesAndMats/FloorStuff/Vase3.uasset" 1128
"C:/Users/Guest2/Documents/Unreal Projects/IAmSadder/IAmSad/Content/Models/TexturesAndMats/FloorStuff/Vase3.uexp" 1129
"../../../Engine/Content/Functions/Engine_MaterialFunctions01/ImageAdjustment/BlurSampleOffsets.uasset" 1130
"../../../Engine/Content/Functions/Engine_MaterialFunctions01/ImageAdjustment/BlurSampleOffsets.uexp" 1131
"../../../Engine/Content/Functions/Engine_MaterialFunctions02/SampleSceneDepth.uasset" 1132
"../../../Engine/Content/Functions/Engine_MaterialFunctions02/SampleSceneDepth.uexp" 1133
"C:/Users/Guest2/Documents/Unreal Projects/IAmSadder/IAmSad/Content/ToonShaderHopefully/M_Outiline.uasset" 1134
"C:/Users/Guest2/Documents/Unreal Projects/IAmSadder/IAmSad/Content/ToonShaderHopefully/M_Outiline.uexp" 1135
"C:/Users/Guest2/Documents/Unreal Projects/IAmSadder/IAmSad/Content/ToonShaderHopefully/M_Outiline_Inst.uasset" 1136
"C:/Users/Guest2/Documents/Unreal Projects/IAmSadder/IAmSad/Content/ToonShaderHopefully/M_Outiline_Inst.uexp" 1137
"C:/Users/Guest2/Documents/Unreal Projects/IAmSadder/IAmSad/Content/Models/TexturesAndMats/WallDeco/Painting2_Base_color.ubulk" 1138
"C:/Users/Guest2/Documents/Unreal Projects/IAmSadder/IAmSad/Content/Models/TexturesAndMats/WallDeco/Painting2_Base_color.uasset" 1139
"C:/Users/Guest2/Documents/Unreal Projects/IAmSadder/IAmSad/Content/Models/TexturesAndMats/WallDeco/Painting2_Base_color.uexp" 1140
"C:/Users/Guest2/Documents/Unreal Projects/IAmSadder/IAmSad/Content/Models/TexturesAndMats/WallDeco/M_Painting2.uasset" 1141
"C:/Users/Guest2/Documents/Unreal Projects/IAmSadder/IAmSad/Content/Models/TexturesAndMats/WallDeco/M_Painting2.uexp" 1142
"C:/Users/Guest2/Documents/Unreal Projects/IAmSadder/IAmSad/Content/Models/TexturesAndMats/WallDeco/Painting2.ubulk" 1143
"C:/Users/Guest2/Documents/Unreal Projects/IAmSadder/IAmSad/Content/Models/TexturesAndMats/WallDeco/Painting2.uasset" 1144
"C:/Users/Guest2/Documents/Unreal Projects/IAmSadder/IAmSad/Content/Models/TexturesAndMats/WallDeco/Painting2.uexp" 1145
"C:/Users/Guest2/Documents/Unreal Projects/IAmSadder/IAmSad/Content/Models/Floor.ubulk" 1146
"C:/Users/Guest2/Documents/Unreal Projects/IAmSadder/IAmSad/Content/Models/Floor.uasset" 1147
"C:/Users/Guest2/Documents/Unreal Projects/IAmSadder/IAmSad/Content/Models/Floor.uexp" 1148
"C:/Users/Guest2/Documents/Unreal Projects/IAmSadder/IAmSad/Content/Models/TexturesAndMats/Floor_FloorLvl1_BaseColor.ubulk" 1149
"C:/Users/Guest2/Documents/Unreal Projects/IAmSadder/IAmSad/Content/Models/TexturesAndMats/Floor_FloorLvl1_BaseColor.uasset" 1150
"C:/Users/Guest2/Documents/Unreal Projects/IAmSadder/IAmSad/Content/Models/TexturesAndMats/Floor_FloorLvl1_BaseColor.uexp" 1151
"C:/Users/Guest2/Documents/Unreal Projects/IAmSadder/IAmSad/Content/Models/TexturesAndMats/M_FloorVers1.uasset" 1152
"C:/Users/Guest2/Documents/Unreal Projects/IAmSadder/IAmSad/Content/Models/TexturesAndMats/M_FloorVers1.uexp" 1153
"C:/Users/Guest2/Documents/Unreal Projects/IAmSadder/IAmSad/Content/Models/TexturesAndMats/M_FloorVers1_Inst.uasset" 1154
"C:/Users/Guest2/Documents/Unreal Projects/IAmSadder/IAmSad/Content/Models/TexturesAndMats/M_FloorVers1_Inst.uexp" 1155
"C:/Users/Guest2/Documents/Unreal Projects/IAmSadder/IAmSad/Content/Models/TexturesAndMats/WallDeco/Window2.ubulk" 1156
"C:/Users/Guest2/Documents/Unreal Projects/IAmSadder/IAmSad/Content/Models/TexturesAndMats/WallDeco/Window2.uasset" 1157
"C:/Users/Guest2/Documents/Unreal Projects/IAmSadder/IAmSad/Content/Models/TexturesAndMats/WallDeco/Window2.uexp" 1158
"C:/Users/Guest2/Documents/Unreal Projects/IAmSadder/IAmSad/Content/Models/TexturesAndMats/WallDeco/Window2_Base_color.ubulk" 1159
"C:/Users/Guest2/Documents/Unreal Projects/IAmSadder/IAmSad/Content/Models/TexturesAndMats/WallDeco/Window2_Base_color.uasset" 1160
"C:/Users/Guest2/Documents/Unreal Projects/IAmSadder/IAmSad/Content/Models/TexturesAndMats/WallDeco/Window2_Base_color.uexp" 1161
"C:/Users/Guest2/Documents/Unreal Projects/IAmSadder/IAmSad/Content/Models/TexturesAndMats/WallDeco/M_Window2.uasset" 1162
"C:/Users/Guest2/Documents/Unreal Projects/IAmSadder/IAmSad/Content/Models/TexturesAndMats/WallDeco/M_Window2.uexp" 1163
"C:/Users/Guest2/Documents/Unreal Projects/IAmSadder/IAmSad/Content/Models/TexturesAndMats/WallDeco/Painting1_Base_color.ubulk" 1164
"C:/Users/Guest2/Documents/Unreal Projects/IAmSadder/IAmSad/Content/Models/TexturesAndMats/WallDeco/Painting1_Base_color.uasset" 1165
"C:/Users/Guest2/Documents/Unreal Projects/IAmSadder/IAmSad/Content/Models/TexturesAndMats/WallDeco/Painting1_Base_color.uexp" 1166
"C:/Users/Guest2/Documents/Unreal Projects/IAmSadder/IAmSad/Content/Models/TexturesAndMats/WallDeco/Painting1_Base_color_Mat.uasset" 1167
"C:/Users/Guest2/Documents/Unreal Projects/IAmSadder/IAmSad/Content/Models/TexturesAndMats/WallDeco/Painting1_Base_color_Mat.uexp" 1168
"C:/Users/Guest2/Documents/Unreal Projects/IAmSadder/IAmSad/Content/Models/TexturesAndMats/WallDeco/Painting1.ubulk" 1169
"C:/Users/Guest2/Documents/Unreal Projects/IAmSadder/IAmSad/Content/Models/TexturesAndMats/WallDeco/Painting1.uasset" 1170
"C:/Users/Guest2/Documents/Unreal Projects/IAmSadder/IAmSad/Content/Models/TexturesAndMats/WallDeco/Painting1.uexp" 1171
"C:/Users/Guest2/Documents/Unreal Projects/IAmSadder/IAmSad/Content/Models/TexturesAndMats/WallAngle_Base_color.ubulk" 1172
"C:/Users/Guest2/Documents/Unreal Projects/IAmSadder/IAmSad/Content/Models/TexturesAndMats/WallAngle_Base_color.uasset" 1173
"C:/Users/Guest2/Documents/Unreal Projects/IAmSadder/IAmSad/Content/Models/TexturesAndMats/WallAngle_Base_color.uexp" 1174
"C:/Users/Guest2/Documents/Unreal Projects/IAmSadder/IAmSad/Content/Models/TexturesAndMats/M_WallAngle.uasset" 1175
"C:/Users/Guest2/Documents/Unreal Projects/IAmSadder/IAmSad/Content/Models/TexturesAndMats/M_WallAngle.uexp" 1176
"C:/Users/Guest2/Documents/Unreal Projects/IAmSadder/IAmSad/Content/Models/TexturesAndMats/M_WallAngle_Inst.uasset" 1177
"C:/Users/Guest2/Documents/Unreal Projects/IAmSadder/IAmSad/Content/Models/TexturesAndMats/M_WallAngle_Inst.uexp" 1178
"C:/Users/Guest2/Documents/Unreal Projects/IAmSadder/IAmSad/Content/Models/TexturesAndMats/WallAngle.ubulk" 1179
"C:/Users/Guest2/Documents/Unreal Projects/IAmSadder/IAmSad/Content/Models/TexturesAndMats/WallAngle.uasset" 1180
"C:/Users/Guest2/Documents/Unreal Projects/IAmSadder/IAmSad/Content/Models/TexturesAndMats/WallAngle.uexp" 1181
"C:/Users/Guest2/Documents/Unreal Projects/IAmSadder/IAmSad/Content/Models/TexturesAndMats/FloorStuff/Lamp1_Base_color.ubulk" 1182
"C:/Users/Guest2/Documents/Unreal Projects/IAmSadder/IAmSad/Content/Models/TexturesAndMats/FloorStuff/Lamp1_Base_color.uasset" 1183
"C:/Users/Guest2/Documents/Unreal Projects/IAmSadder/IAmSad/Content/Models/TexturesAndMats/FloorStuff/Lamp1_Base_color.uexp" 1184
"C:/Users/Guest2/Documents/Unreal Projects/IAmSadder/IAmSad/Content/Models/TexturesAndMats/FloorStuff/M_Lamp1.uasset" 1185
"C:/Users/Guest2/Documents/Unreal Projects/IAmSadder/IAmSad/Content/Models/TexturesAndMats/FloorStuff/M_Lamp1.uexp" 1186
"C:/Users/Guest2/Documents/Unreal Projects/IAmSadder/IAmSad/Content/Models/TexturesAndMats/FloorStuff/lamp1.ubulk" 1187
"C:/Users/Guest2/Documents/Unreal Projects/IAmSadder/IAmSad/Content/Models/TexturesAndMats/FloorStuff/lamp1.uasset" 1188
"C:/Users/Guest2/Documents/Unreal Projects/IAmSadder/IAmSad/Content/Models/TexturesAndMats/FloorStuff/lamp1.uexp" 1189
"C:/Users/Guest2/Documents/Unreal Projects/IAmSadder/IAmSad/Content/Models/TexturesAndMats/WallDeco/TopWall_Base_color.ubulk" 1190
"C:/Users/Guest2/Documents/Unreal Projects/IAmSadder/IAmSad/Content/Models/TexturesAndMats/WallDeco/TopWall_Base_color.uasset" 1191
"C:/Users/Guest2/Documents/Unreal Projects/IAmSadder/IAmSad/Content/Models/TexturesAndMats/WallDeco/TopWall_Base_color.uexp" 1192
"C:/Users/Guest2/Documents/Unreal Projects/IAmSadder/IAmSad/Content/Models/TexturesAndMats/WallDeco/M_TopWall.uasset" 1193
"C:/Users/Guest2/Documents/Unreal Projects/IAmSadder/IAmSad/Content/Models/TexturesAndMats/WallDeco/M_TopWall.uexp" 1194
"C:/Users/Guest2/Documents/Unreal Projects/IAmSadder/IAmSad/Content/Models/TexturesAndMats/WallDeco/TopWall.ubulk" 1195
"C:/Users/Guest2/Documents/Unreal Projects/IAmSadder/IAmSad/Content/Models/TexturesAndMats/WallDeco/TopWall.uasset" 1196
"C:/Users/Guest2/Documents/Unreal Projects/IAmSadder/IAmSad/Content/Models/TexturesAndMats/WallDeco/TopWall.uexp" 1197
"C:/Users/Guest2/Documents/Unreal Projects/IAmSadder/IAmSad/Content/Models/TexturesAndMats/M_WallAngle_Inst2.uasset" 1198
"C:/Users/Guest2/Documents/Unreal Projects/IAmSadder/IAmSad/Content/Models/TexturesAndMats/M_WallAngle_Inst2.uexp" 1199
"C:/Users/Guest2/Documents/Unreal Projects/IAmSadder/IAmSad/Content/Models/TexturesAndMats/FloorStuff/table.ubulk" 1200
"C:/Users/Guest2/Documents/Unreal Projects/IAmSadder/IAmSad/Content/Models/TexturesAndMats/FloorStuff/table.uasset" 1201
"C:/Users/Guest2/Documents/Unreal Projects/IAmSadder/IAmSad/Content/Models/TexturesAndMats/FloorStuff/table.uexp" 1202
"C:/Users/Guest2/Documents/Unreal Projects/IAmSadder/IAmSad/Content/Models/TexturesAndMats/FloorStuff/Table_Base_color.ubulk" 1203
"C:/Users/Guest2/Documents/Unreal Projects/IAmSadder/IAmSad/Content/Models/TexturesAndMats/FloorStuff/Table_Base_color.uasset" 1204
"C:/Users/Guest2/Documents/Unreal Projects/IAmSadder/IAmSad/Content/Models/TexturesAndMats/FloorStuff/Table_Base_color.uexp" 1205
"C:/Users/Guest2/Documents/Unreal Projects/IAmSadder/IAmSad/Content/Models/TexturesAndMats/FloorStuff/Table_Base_color_Mat.uasset" 1206
"C:/Users/Guest2/Documents/Unreal Projects/IAmSadder/IAmSad/Content/Models/TexturesAndMats/FloorStuff/Table_Base_color_Mat.uexp" 1207
"C:/Users/Guest2/Documents/Unreal Projects/IAmSadder/IAmSad/Content/Models/TexturesAndMats/M_WallAngle_Inst1.uasset" 1208
"C:/Users/Guest2/Documents/Unreal Projects/IAmSadder/IAmSad/Content/Models/TexturesAndMats/M_WallAngle_Inst1.uexp" 1209
"C:/Users/Guest2/Documents/Unreal Projects/IAmSadder/IAmSad/Content/Models/TexturesAndMats/M_WallLevel1_Inst2.uasset" 1210
"C:/Users/Guest2/Documents/Unreal Projects/IAmSadder/IAmSad/Content/Models/TexturesAndMats/M_WallLevel1_Inst2.uexp" 1211
"C:/Users/Guest2/Documents/Unreal Projects/IAmSadder/IAmSad/Content/Models/TexturesAndMats/FloorStuff/Bush_Op.ubulk" 1212
"C:/Users/Guest2/Documents/Unreal Projects/IAmSadder/IAmSad/Content/Models/TexturesAndMats/FloorStuff/Bush_Op.uasset" 1213
"C:/Users/Guest2/Documents/Unreal Projects/IAmSadder/IAmSad/Content/Models/TexturesAndMats/FloorStuff/Bush_Op.uexp" 1214
"C:/Users/Guest2/Documents/Unreal Projects/IAmSadder/IAmSad/Content/Models/TexturesAndMats/FloorStuff/Bush_BaseColor.ubulk" 1215
"C:/Users/Guest2/Documents/Unreal Projects/IAmSadder/IAmSad/Content/Models/TexturesAndMats/FloorStuff/Bush_BaseColor.uasset" 1216
"C:/Users/Guest2/Documents/Unreal Projects/IAmSadder/IAmSad/Content/Models/TexturesAndMats/FloorStuff/Bush_BaseColor.uexp" 1217
"C:/Users/Guest2/Documents/Unreal Projects/IAmSadder/IAmSad/Content/Models/TexturesAndMats/FloorStuff/M_Bush.uasset" 1218
"C:/Users/Guest2/Documents/Unreal Projects/IAmSadder/IAmSad/Content/Models/TexturesAndMats/FloorStuff/M_Bush.uexp" 1219
"C:/Users/Guest2/Documents/Unreal Projects/IAmSadder/IAmSad/Content/Models/TexturesAndMats/FloorStuff/Bush.ubulk" 1220
"C:/Users/Guest2/Documents/Unreal Projects/IAmSadder/IAmSad/Content/Models/TexturesAndMats/FloorStuff/Bush.uasset" 1221
"C:/Users/Guest2/Documents/Unreal Projects/IAmSadder/IAmSad/Content/Models/TexturesAndMats/FloorStuff/Bush.uexp" 1222
"C:/Users/Guest2/Documents/Unreal Projects/IAmSadder/IAmSad/Content/Models/TexturesAndMats/M_WallLevel1_Inst1.uasset" 1223
"C:/Users/Guest2/Documents/Unreal Projects/IAmSadder/IAmSad/Content/Models/TexturesAndMats/M_WallLevel1_Inst1.uexp" 1224
"C:/Users/Guest2/Documents/Unreal Projects/IAmSadder/IAmSad/Content/Models/TexturesAndMats/WallDeco/Column2_Base_color.ubulk" 1225
"C:/Users/Guest2/Documents/Unreal Projects/IAmSadder/IAmSad/Content/Models/TexturesAndMats/WallDeco/Column2_Base_color.uasset" 1226
"C:/Users/Guest2/Documents/Unreal Projects/IAmSadder/IAmSad/Content/Models/TexturesAndMats/WallDeco/Column2_Base_color.uexp" 1227
"C:/Users/Guest2/Documents/Unreal Projects/IAmSadder/IAmSad/Content/Models/TexturesAndMats/WallDeco/M_Column2.uasset" 1228
"C:/Users/Guest2/Documents/Unreal Projects/IAmSadder/IAmSad/Content/Models/TexturesAndMats/WallDeco/M_Column2.uexp" 1229
"C:/Users/Guest2/Documents/Unreal Projects/IAmSadder/IAmSad/Content/Models/TexturesAndMats/WallDeco/Colujmn2.ubulk" 1230
"C:/Users/Guest2/Documents/Unreal Projects/IAmSadder/IAmSad/Content/Models/TexturesAndMats/WallDeco/Colujmn2.uasset" 1231
"C:/Users/Guest2/Documents/Unreal Projects/IAmSadder/IAmSad/Content/Models/TexturesAndMats/WallDeco/Colujmn2.uexp" 1232
"C:/Users/Guest2/Documents/Unreal Projects/IAmSadder/IAmSad/Content/Models/TexturesAndMats/FloorStuff/Vase2.ubulk" 1233
"C:/Users/Guest2/Documents/Unreal Projects/IAmSadder/IAmSad/Content/Models/TexturesAndMats/FloorStuff/Vase2.uasset" 1234
"C:/Users/Guest2/Documents/Unreal Projects/IAmSadder/IAmSad/Content/Models/TexturesAndMats/FloorStuff/Vase2.uexp" 1235
"C:/Users/Guest2/Documents/Unreal Projects/IAmSadder/IAmSad/Content/Models/TexturesAndMats/FloorStuff/BookShelf_Base_color.ubulk" 1236
"C:/Users/Guest2/Documents/Unreal Projects/IAmSadder/IAmSad/Content/Models/TexturesAndMats/FloorStuff/BookShelf_Base_color.uasset" 1237
"C:/Users/Guest2/Documents/Unreal Projects/IAmSadder/IAmSad/Content/Models/TexturesAndMats/FloorStuff/BookShelf_Base_color.uexp" 1238
"C:/Users/Guest2/Documents/Unreal Projects/IAmSadder/IAmSad/Content/Models/TexturesAndMats/FloorStuff/M_Bookshelf.uasset" 1239
"C:/Users/Guest2/Documents/Unreal Projects/IAmSadder/IAmSad/Content/Models/TexturesAndMats/FloorStuff/M_Bookshelf.uexp" 1240
"C:/Users/Guest2/Documents/Unreal Projects/IAmSadder/IAmSad/Content/Models/TexturesAndMats/FloorStuff/ookshelf.ubulk" 1241
"C:/Users/Guest2/Documents/Unreal Projects/IAmSadder/IAmSad/Content/Models/TexturesAndMats/FloorStuff/ookshelf.uasset" 1242
"C:/Users/Guest2/Documents/Unreal Projects/IAmSadder/IAmSad/Content/Models/TexturesAndMats/FloorStuff/ookshelf.uexp" 1243
"C:/Users/Guest2/Documents/Unreal Projects/IAmSadder/IAmSad/Content/Models/TexturesAndMats/WallDeco/BattiScopone.ubulk" 1244
"C:/Users/Guest2/Documents/Unreal Projects/IAmSadder/IAmSad/Content/Models/TexturesAndMats/WallDeco/BattiScopone.uasset" 1245
"C:/Users/Guest2/Documents/Unreal Projects/IAmSadder/IAmSad/Content/Models/TexturesAndMats/WallDeco/BattiScopone.uexp" 1246
"C:/Users/Guest2/Documents/Unreal Projects/IAmSadder/IAmSad/Content/Models/TexturesAndMats/WallDeco/BattiScopone_Base_color.ubulk" 1247
"C:/Users/Guest2/Documents/Unreal Projects/IAmSadder/IAmSad/Content/Models/TexturesAndMats/WallDeco/BattiScopone_Base_color.uasset" 1248
"C:/Users/Guest2/Documents/Unreal Projects/IAmSadder/IAmSad/Content/Models/TexturesAndMats/WallDeco/BattiScopone_Base_color.uexp" 1249
"C:/Users/Guest2/Documents/Unreal Projects/IAmSadder/IAmSad/Content/Models/TexturesAndMats/WallDeco/M_BattiScopone.uasset" 1250
"C:/Users/Guest2/Documents/Unreal Projects/IAmSadder/IAmSad/Content/Models/TexturesAndMats/WallDeco/M_BattiScopone.uexp" 1251
"C:/Users/Guest2/Documents/Unreal Projects/IAmSadder/IAmSad/Content/Models/TexturesAndMats/FloorStuff/Cassapanca2.ubulk" 1252
"C:/Users/Guest2/Documents/Unreal Projects/IAmSadder/IAmSad/Content/Models/TexturesAndMats/FloorStuff/Cassapanca2.uasset" 1253
"C:/Users/Guest2/Documents/Unreal Projects/IAmSadder/IAmSad/Content/Models/TexturesAndMats/FloorStuff/Cassapanca2.uexp" 1254
"C:/Users/Guest2/Documents/Unreal Projects/IAmSadder/IAmSad/Content/Models/TexturesAndMats/FloorStuff/Cassapanca2_Base_color.ubulk" 1255
"C:/Users/Guest2/Documents/Unreal Projects/IAmSadder/IAmSad/Content/Models/TexturesAndMats/FloorStuff/Cassapanca2_Base_color.uasset" 1256
"C:/Users/Guest2/Documents/Unreal Projects/IAmSadder/IAmSad/Content/Models/TexturesAndMats/FloorStuff/Cassapanca2_Base_color.uexp" 1257
"C:/Users/Guest2/Documents/Unreal Projects/IAmSadder/IAmSad/Content/Models/TexturesAndMats/FloorStuff/M_Cassapanca2.uasset" 1258
"C:/Users/Guest2/Documents/Unreal Projects/IAmSadder/IAmSad/Content/Models/TexturesAndMats/FloorStuff/M_Cassapanca2.uexp" 1259
"../../../Engine/Content/EngineMaterials/DefaultMaterial.uasset" 1260
"../../../Engine/Content/EngineMaterials/DefaultMaterial.uexp" 1261
"../../../Engine/Content/BasicShapes/Sphere.ubulk" 1262
"../../../Engine/Content/BasicShapes/Sphere.uasset" 1263
"../../../Engine/Content/BasicShapes/Sphere.uexp" 1264
"C:/Users/Guest2/Documents/Unreal Projects/IAmSadder/IAmSad/Content/ThirdPerson/sky_04_2k.ubulk" 1265
"C:/Users/Guest2/Documents/Unreal Projects/IAmSadder/IAmSad/Content/ThirdPerson/sky_04_2k.uasset" 1266
"C:/Users/Guest2/Documents/Unreal Projects/IAmSadder/IAmSad/Content/ThirdPerson/sky_04_2k.uexp" 1267
"C:/Users/Guest2/Documents/Unreal Projects/IAmSadder/IAmSad/Content/ThirdPerson/M_Skybox.uasset" 1268
"C:/Users/Guest2/Documents/Unreal Projects/IAmSadder/IAmSad/Content/ThirdPerson/M_Skybox.uexp" 1269
"C:/Users/Guest2/Documents/Unreal Projects/IAmSadder/IAmSad/Content/Models/TexturesAndMats/WallDeco/Door2.ubulk" 1270
"C:/Users/Guest2/Documents/Unreal Projects/IAmSadder/IAmSad/Content/Models/TexturesAndMats/WallDeco/Door2.uasset" 1271
"C:/Users/Guest2/Documents/Unreal Projects/IAmSadder/IAmSad/Content/Models/TexturesAndMats/WallDeco/Door2.uexp" 1272
"C:/Users/Guest2/Documents/Unreal Projects/IAmSadder/IAmSad/Content/Models/TexturesAndMats/WallDeco/Door2_Base_color.ubulk" 1273
"C:/Users/Guest2/Documents/Unreal Projects/IAmSadder/IAmSad/Content/Models/TexturesAndMats/WallDeco/Door2_Base_color.uasset" 1274
"C:/Users/Guest2/Documents/Unreal Projects/IAmSadder/IAmSad/Content/Models/TexturesAndMats/WallDeco/Door2_Base_color.uexp" 1275
"C:/Users/Guest2/Documents/Unreal Projects/IAmSadder/IAmSad/Content/Models/TexturesAndMats/WallDeco/M_Door2.uasset" 1276
"C:/Users/Guest2/Documents/Unreal Projects/IAmSadder/IAmSad/Content/Models/TexturesAndMats/WallDeco/M_Door2.uexp" 1277
"C:/Users/Guest2/Documents/Unreal Projects/IAmSadder/IAmSad/Content/Models/TexturesAndMats/FloorStuff/lamp2.ubulk" 1278
"C:/Users/Guest2/Documents/Unreal Projects/IAmSadder/IAmSad/Content/Models/TexturesAndMats/FloorStuff/lamp2.uasset" 1279
"C:/Users/Guest2/Documents/Unreal Projects/IAmSadder/IAmSad/Content/Models/TexturesAndMats/FloorStuff/lamp2.uexp" 1280
"C:/Users/Guest2/Documents/Unreal Projects/IAmSadder/IAmSad/Content/Models/TexturesAndMats/FloorStuff/Lamp2_Base_color.ubulk" 1281
"C:/Users/Guest2/Documents/Unreal Projects/IAmSadder/IAmSad/Content/Models/TexturesAndMats/FloorStuff/Lamp2_Base_color.uasset" 1282
"C:/Users/Guest2/Documents/Unreal Projects/IAmSadder/IAmSad/Content/Models/TexturesAndMats/FloorStuff/Lamp2_Base_color.uexp" 1283
"C:/Users/Guest2/Documents/Unreal Projects/IAmSadder/IAmSad/Content/Models/TexturesAndMats/FloorStuff/M_Lamp2.uasset" 1284
"C:/Users/Guest2/Documents/Unreal Projects/IAmSadder/IAmSad/Content/Models/TexturesAndMats/FloorStuff/M_Lamp2.uexp" 1285
"C:/Users/Guest2/Documents/Unreal Projects/IAmSadder/IAmSad/Content/Models/TexturesAndMats/FloorStuff/Cassapanca1.ubulk" 1286
"C:/Users/Guest2/Documents/Unreal Projects/IAmSadder/IAmSad/Content/Models/TexturesAndMats/FloorStuff/Cassapanca1.uasset" 1287
"C:/Users/Guest2/Documents/Unreal Projects/IAmSadder/IAmSad/Content/Models/TexturesAndMats/FloorStuff/Cassapanca1.uexp" 1288
"C:/Users/Guest2/Documents/Unreal Projects/IAmSadder/IAmSad/Content/Models/TexturesAndMats/FloorStuff/CassaPanca1_Base_color.ubulk" 1289
"C:/Users/Guest2/Documents/Unreal Projects/IAmSadder/IAmSad/Content/Models/TexturesAndMats/FloorStuff/CassaPanca1_Base_color.uasset" 1290
"C:/Users/Guest2/Documents/Unreal Projects/IAmSadder/IAmSad/Content/Models/TexturesAndMats/FloorStuff/CassaPanca1_Base_color.uexp" 1291
"C:/Users/Guest2/Documents/Unreal Projects/IAmSadder/IAmSad/Content/Models/TexturesAndMats/FloorStuff/M_Cassapanca1.uasset" 1292
"C:/Users/Guest2/Documents/Unreal Projects/IAmSadder/IAmSad/Content/Models/TexturesAndMats/FloorStuff/M_Cassapanca1.uexp" 1293
"C:/Users/Guest2/Documents/Unreal Projects/IAmSadder/IAmSad/Content/StarterContent/Textures/T_Frame_M.ubulk" 1294
"C:/Users/Guest2/Documents/Unreal Projects/IAmSadder/IAmSad/Content/StarterContent/Textures/T_Frame_M.uasset" 1295
"C:/Users/Guest2/Documents/Unreal Projects/IAmSadder/IAmSad/Content/StarterContent/Textures/T_Frame_M.uexp" 1296
"C:/Users/Guest2/Documents/Unreal Projects/IAmSadder/IAmSad/Content/StarterContent/Textures/T_Frame_N.ubulk" 1297
"C:/Users/Guest2/Documents/Unreal Projects/IAmSadder/IAmSad/Content/StarterContent/Textures/T_Frame_N.uasset" 1298
"C:/Users/Guest2/Documents/Unreal Projects/IAmSadder/IAmSad/Content/StarterContent/Textures/T_Frame_N.uexp" 1299
"C:/Users/Guest2/Documents/Unreal Projects/IAmSadder/IAmSad/Content/StarterContent/Props/Materials/M_Frame.uasset" 1300
"C:/Users/Guest2/Documents/Unreal Projects/IAmSadder/IAmSad/Content/StarterContent/Props/Materials/M_Frame.uexp" 1301
"C:/Users/Guest2/Documents/Unreal Projects/IAmSadder/IAmSad/Content/StarterContent/Props/SM_DoorFrame.ubulk" 1302
"C:/Users/Guest2/Documents/Unreal Projects/IAmSadder/IAmSad/Content/StarterContent/Props/SM_DoorFrame.uasset" 1303
"C:/Users/Guest2/Documents/Unreal Projects/IAmSadder/IAmSad/Content/StarterContent/Props/SM_DoorFrame.uexp" 1304
"C:/Users/Guest2/Documents/Unreal Projects/IAmSadder/IAmSad/Content/Cats/cat_sprites_by_biofunk95_d8y869y-fullview.uasset" 1305
"C:/Users/Guest2/Documents/Unreal Projects/IAmSadder/IAmSad/Content/Cats/cat_sprites_by_biofunk95_d8y869y-fullview.uexp" 1306
"C:/Users/Guest2/Documents/Unreal Projects/IAmSadder/IAmSad/Content/Cats/M_TestCat.uasset" 1307
"C:/Users/Guest2/Documents/Unreal Projects/IAmSadder/IAmSad/Content/Cats/M_TestCat.uexp" 1308
"C:/Users/Guest2/Documents/Unreal Projects/IAmSadder/IAmSad/Content/Cube_Blueprint.uasset" 1309
"C:/Users/Guest2/Documents/Unreal Projects/IAmSadder/IAmSad/Content/Cube_Blueprint.uexp" 1310
"C:/Users/Guest2/Documents/Unreal Projects/IAmSadder/IAmSad/Content/VFX/M_Test_Inst1.uasset" 1311
"C:/Users/Guest2/Documents/Unreal Projects/IAmSadder/IAmSad/Content/VFX/M_Test_Inst1.uexp" 1312
"../../../Engine/Content/ArtTools/RenderToTexture/Meshes/S_1_Unit_Plane.ubulk" 1313
"../../../Engine/Content/ArtTools/RenderToTexture/Meshes/S_1_Unit_Plane.uasset" 1314
"../../../Engine/Content/ArtTools/RenderToTexture/Meshes/S_1_Unit_Plane.uexp" 1315
"../../../Engine/Content/EditorMaterials/Camera/CineMat.uasset" 1316
"../../../Engine/Content/EditorMaterials/Camera/CineMat.uexp" 1317
"../../../Engine/Content/EditorMaterials/Camera/MI_CineMat_Rig.uasset" 1318
"../../../Engine/Content/EditorMaterials/Camera/MI_CineMat_Rig.uexp" 1319
"../../../Engine/Content/EditorMeshes/Camera/SM_CraneRig_Arm.ubulk" 1320
"../../../Engine/Content/EditorMeshes/Camera/SM_CraneRig_Arm.uasset" 1321
"../../../Engine/Content/EditorMeshes/Camera/SM_CraneRig_Arm.uexp" 1322
"../../../Engine/Content/EditorMeshes/Camera/SM_CraneRig_Base.ubulk" 1323
"../../../Engine/Content/EditorMeshes/Camera/SM_CraneRig_Base.uasset" 1324
"../../../Engine/Content/EditorMeshes/Camera/SM_CraneRig_Base.uexp" 1325
"../../../Engine/Content/EditorMeshes/Camera/SM_CraneRig_Body.ubulk" 1326
"../../../Engine/Content/EditorMeshes/Camera/SM_CraneRig_Body.uasset" 1327
"../../../Engine/Content/EditorMeshes/Camera/SM_CraneRig_Body.uexp" 1328
"../../../Engine/Content/EditorMeshes/Camera/SM_CraneRig_Mount.ubulk" 1329
"../../../Engine/Content/EditorMeshes/Camera/SM_CraneRig_Mount.uasset" 1330
"../../../Engine/Content/EditorMeshes/Camera/SM_CraneRig_Mount.uexp" 1331
"../../../Engine/Content/EditorMeshes/Camera/SM_RailRig_Mount.ubulk" 1332
"../../../Engine/Content/EditorMeshes/Camera/SM_RailRig_Mount.uasset" 1333
"../../../Engine/Content/EditorMeshes/Camera/SM_RailRig_Mount.uexp" 1334
"../../../Engine/Content/EditorMeshes/Camera/SM_RailRig_Track.ubulk" 1335
"../../../Engine/Content/EditorMeshes/Camera/SM_RailRig_Track.uasset" 1336
"../../../Engine/Content/EditorMeshes/Camera/SM_RailRig_Track.uexp" 1337
"../../../Engine/Content/EngineSky/VolumetricClouds/T_CloudMask.ubulk" 1338
"../../../Engine/Content/EngineSky/VolumetricClouds/T_CloudMask.uasset" 1339
"../../../Engine/Content/EngineSky/VolumetricClouds/T_CloudMask.uexp" 1340
"../../../Engine/Content/EngineSky/VolumetricClouds/VT_Lightning.uasset" 1341
"../../../Engine/Content/EngineSky/VolumetricClouds/VT_Lightning.uexp" 1342
"../../../Engine/Content/EngineSky/VolumetricClouds/T_Profile_08.ubulk" 1343
"../../../Engine/Content/EngineSky/VolumetricClouds/T_Profile_08.uasset" 1344
"../../../Engine/Content/EngineSky/VolumetricClouds/T_Profile_08.uexp" 1345
"../../../Engine/Content/Functions/Engine_MaterialFunctions02/Utility/MakeFloat4.uasset" 1346
"../../../Engine/Content/Functions/Engine_MaterialFunctions02/Utility/MakeFloat4.uexp" 1347
"../../../Engine/Content/Functions/Engine_MaterialFunctions01/Units/Km-to-Cm.uasset" 1348
"../../../Engine/Content/Functions/Engine_MaterialFunctions01/Units/Km-to-Cm.uexp" 1349
"../../../Engine/Content/Functions/Engine_MaterialFunctions02/Utility/BreakOutFloat4Components.uasset" 1350
"../../../Engine/Content/Functions/Engine_MaterialFunctions02/Utility/BreakOutFloat4Components.uexp" 1351
"../../../Engine/Content/EngineSky/VolumetricClouds/T_CloudPattern.ubulk" 1352
"../../../Engine/Content/EngineSky/VolumetricClouds/T_CloudPattern.uasset" 1353
"../../../Engine/Content/EngineSky/VolumetricClouds/T_CloudPattern.uexp" 1354
"../../../Engine/Content/EngineSky/VolumetricClouds/VT_PerlinWorley_Balanced.uasset" 1355
"../../../Engine/Content/EngineSky/VolumetricClouds/VT_PerlinWorley_Balanced.uexp" 1356
"../../../Engine/Content/EngineSky/VolumetricClouds/m_SimpleVolumetricCloud.uasset" 1357
"../../../Engine/Content/EngineSky/VolumetricClouds/m_SimpleVolumetricCloud.uexp" 1358
"../../../Engine/Content/EngineSky/VolumetricClouds/m_SimpleVolumetricCloud_Inst.uasset" 1359
"../../../Engine/Content/EngineSky/VolumetricClouds/m_SimpleVolumetricCloud_Inst.uexp" 1360
"../../../Engine/Content/VREditor/LaserPointer/VR_LaserPower_01.ubulk" 1361
"../../../Engine/Content/VREditor/LaserPointer/VR_LaserPower_01.uasset" 1362
"../../../Engine/Content/VREditor/LaserPointer/VR_LaserPower_01.uexp" 1363
"../../../Engine/Content/VREditor/TransformGizmo/TransformGizmoMaterial.uasset" 1364
"../../../Engine/Content/VREditor/TransformGizmo/TransformGizmoMaterial.uexp" 1365
"../../../Engine/Content/VREditor/TransformGizmo/TranslucentTransformGizmoMaterial.uasset" 1366
"../../../Engine/Content/VREditor/TransformGizmo/TranslucentTransformGizmoMaterial.uexp" 1367
"../../../Engine/Content/VREditor/TransformGizmo/BoundingBoxCorner.ubulk" 1368
"../../../Engine/Content/VREditor/TransformGizmo/BoundingBoxCorner.uasset" 1369
"../../../Engine/Content/VREditor/TransformGizmo/BoundingBoxCorner.uexp" 1370
"../../../Engine/Content/VREditor/TransformGizmo/BoundingBoxEdge.ubulk" 1371
"../../../Engine/Content/VREditor/TransformGizmo/BoundingBoxEdge.uasset" 1372
"../../../Engine/Content/VREditor/TransformGizmo/BoundingBoxEdge.uexp" 1373
"../../../Engine/Content/Functions/Engine_MaterialFunctions02/Math/Transform3x3Matrix.uasset" 1374
"../../../Engine/Content/Functions/Engine_MaterialFunctions02/Math/Transform3x3Matrix.uexp" 1375
"../../../Engine/Plugins/Interchange/Assets/Content/gltf/Textures/T_White_srgb.uasset" 1376
"../../../Engine/Plugins/Interchange/Assets/Content/gltf/Textures/T_White_srgb.uexp" 1377
"../../../Engine/Plugins/Interchange/Assets/Content/gltf/MaterialFunctions/MF_Specular.uasset" 1378
"../../../Engine/Plugins/Interchange/Assets/Content/gltf/MaterialFunctions/MF_Specular.uexp" 1379
"../../../Engine/Plugins/Interchange/Assets/Content/gltf/Textures/T_Anisotropy_Direction_Linear.uasset" 1380
"../../../Engine/Plugins/Interchange/Assets/Content/gltf/Textures/T_Anisotropy_Direction_Linear.uexp" 1381
"../../../Engine/Plugins/Interchange/Assets/Content/gltf/MaterialFunctions/MF_SpecularAnisotropy.uasset" 1382
"../../../Engine/Plugins/Interchange/Assets/Content/gltf/MaterialFunctions/MF_SpecularAnisotropy.uexp" 1383
"../../../Engine/Plugins/Interchange/Assets/Content/gltf/Textures/T_White_Linear.uasset" 1384
"../../../Engine/Plugins/Interchange/Assets/Content/gltf/Textures/T_White_Linear.uexp" 1385
"../../../Engine/Plugins/Interchange/Assets/Content/gltf/MaterialFunctions/MF_MetallicRoughness.uasset" 1386
"../../../Engine/Plugins/Interchange/Assets/Content/gltf/MaterialFunctions/MF_MetallicRoughness.uexp" 1387
"../../../Engine/Plugins/Interchange/Assets/Content/gltf/Textures/T_Generic_N.uasset" 1388
"../../../Engine/Plugins/Interchange/Assets/Content/gltf/Textures/T_Generic_N.uexp" 1389
"../../../Engine/Plugins/Interchange/Assets/Content/gltf/MaterialFunctions/MF_ScaleNormal.uasset" 1390
"../../../Engine/Plugins/Interchange/Assets/Content/gltf/MaterialFunctions/MF_ScaleNormal.uexp" 1391
"../../../Engine/Plugins/Interchange/Assets/Content/gltf/MaterialFunctions/MF_BaseColor.uasset" 1392
"../../../Engine/Plugins/Interchange/Assets/Content/gltf/MaterialFunctions/MF_BaseColor.uexp" 1393
"../../../Engine/Plugins/Interchange/Assets/Content/gltf/MaterialFunctions/MF_Iridescence.uasset" 1394
"../../../Engine/Plugins/Interchange/Assets/Content/gltf/MaterialFunctions/MF_Iridescence.uexp" 1395
"../../../Engine/Plugins/Interchange/Assets/Content/gltf/MaterialFunctions/MF_Occlusion.uasset" 1396
"../../../Engine/Plugins/Interchange/Assets/Content/gltf/MaterialFunctions/MF_Occlusion.uexp" 1397
"../../../Engine/Plugins/Interchange/Assets/Content/gltf/MaterialFunctions/MF_IOR.uasset" 1398
"../../../Engine/Plugins/Interchange/Assets/Content/gltf/MaterialFunctions/MF_IOR.uexp" 1399
"../../../Engine/Plugins/Interchange/Assets/Content/gltf/MaterialFunctions/MF_RotateV2.uasset" 1400
"../../../Engine/Plugins/Interchange/Assets/Content/gltf/MaterialFunctions/MF_RotateV2.uexp" 1401
"../../../Engine/Plugins/Interchange/Assets/Content/gltf/MaterialFunctions/MF_TransformUVs.uasset" 1402
"../../../Engine/Plugins/Interchange/Assets/Content/gltf/MaterialFunctions/MF_TransformUVs.uexp" 1403
"../../../Engine/Plugins/Interchange/Assets/Content/gltf/MaterialFunctions/MF_Emissive.uasset" 1404
"../../../Engine/Plugins/Interchange/Assets/Content/gltf/MaterialFunctions/MF_Emissive.uexp" 1405
"../../../Engine/Plugins/Interchange/Assets/Content/gltf/MaterialFunctions/MF_RotateNormals_TS.uasset" 1406
"../../../Engine/Plugins/Interchange/Assets/Content/gltf/MaterialFunctions/MF_RotateNormals_TS.uexp" 1407
"../../../Engine/Plugins/Interchange/Assets/Content/gltf/MaterialFunctions/MF_Normals.uasset" 1408
"../../../Engine/Plugins/Interchange/Assets/Content/gltf/MaterialFunctions/MF_Normals.uexp" 1409
"../../../Engine/Content/Functions/Engine_MaterialFunctions01/Texturing/FlattenNormal.uasset" 1410
"../../../Engine/Content/Functions/Engine_MaterialFunctions01/Texturing/FlattenNormal.uexp" 1411
"../../../Engine/Plugins/Interchange/Assets/Content/gltf/MaterialFunctions/MF_Clearcoat.uasset" 1412
"../../../Engine/Plugins/Interchange/Assets/Content/gltf/MaterialFunctions/MF_Clearcoat.uexp" 1413
"../../../Engine/Plugins/Interchange/Assets/Content/gltf/MaterialBodies/MF_ClearCoat_Body.uasset" 1414
"../../../Engine/Plugins/Interchange/Assets/Content/gltf/MaterialBodies/MF_ClearCoat_Body.uexp" 1415
"../../../Engine/Plugins/Interchange/Assets/Content/gltf/M_ClearCoat.uasset" 1416
"../../../Engine/Plugins/Interchange/Assets/Content/gltf/M_ClearCoat.uexp" 1417
"../../../Engine/Plugins/Interchange/Assets/Content/gltf/MaterialInstances/MI_ClearCoat_Blend.uasset" 1418
"../../../Engine/Plugins/Interchange/Assets/Content/gltf/MaterialInstances/MI_ClearCoat_Blend.uexp" 1419
"../../../Engine/Plugins/Interchange/Assets/Content/gltf/MaterialInstances/MI_ClearCoat_Blend_DS.uasset" 1420
"../../../Engine/Plugins/Interchange/Assets/Content/gltf/MaterialInstances/MI_ClearCoat_Blend_DS.uexp" 1421
"../../../Engine/Plugins/Interchange/Assets/Content/gltf/MaterialInstances/MI_ClearCoat_Mask.uasset" 1422
"../../../Engine/Plugins/Interchange/Assets/Content/gltf/MaterialInstances/MI_ClearCoat_Mask.uexp" 1423
"../../../Engine/Plugins/Interchange/Assets/Content/gltf/MaterialInstances/MI_ClearCoat_Mask_DS.uasset" 1424
"../../../Engine/Plugins/Interchange/Assets/Content/gltf/MaterialInstances/MI_ClearCoat_Mask_DS.uexp" 1425
"../../../Engine/Plugins/Interchange/Assets/Content/gltf/MaterialInstances/MI_ClearCoat_Opaque.uasset" 1426
"../../../Engine/Plugins/Interchange/Assets/Content/gltf/MaterialInstances/MI_ClearCoat_Opaque.uexp" 1427
"../../../Engine/Plugins/Interchange/Assets/Content/gltf/MaterialInstances/MI_ClearCoat_Opaque_DS.uasset" 1428
"../../../Engine/Plugins/Interchange/Assets/Content/gltf/MaterialInstances/MI_ClearCoat_Opaque_DS.uexp" 1429
"../../../Engine/Plugins/Interchange/Assets/Content/gltf/MaterialBodies/MF_Default_Body.uasset" 1430
"../../../Engine/Plugins/Interchange/Assets/Content/gltf/MaterialBodies/MF_Default_Body.uexp" 1431
"../../../Engine/Plugins/Interchange/Assets/Content/gltf/M_Default.uasset" 1432
"../../../Engine/Plugins/Interchange/Assets/Content/gltf/M_Default.uexp" 1433
"../../../Engine/Plugins/Interchange/Assets/Content/gltf/MaterialInstances/MI_Default_Blend.uasset" 1434
"../../../Engine/Plugins/Interchange/Assets/Content/gltf/MaterialInstances/MI_Default_Blend.uexp" 1435
"../../../Engine/Plugins/Interchange/Assets/Content/gltf/MaterialInstances/MI_Default_Blend_DS.uasset" 1436
"../../../Engine/Plugins/Interchange/Assets/Content/gltf/MaterialInstances/MI_Default_Blend_DS.uexp" 1437
"../../../Engine/Plugins/Interchange/Assets/Content/gltf/MaterialInstances/MI_Default_Mask.uasset" 1438
"../../../Engine/Plugins/Interchange/Assets/Content/gltf/MaterialInstances/MI_Default_Mask.uexp" 1439
"../../../Engine/Plugins/Interchange/Assets/Content/gltf/MaterialInstances/MI_Default_Mask_DS.uasset" 1440
"../../../Engine/Plugins/Interchange/Assets/Content/gltf/MaterialInstances/MI_Default_Mask_DS.uexp" 1441
"../../../Engine/Plugins/Interchange/Assets/Content/gltf/MaterialInstances/MI_Default_Opaque.uasset" 1442
"../../../Engine/Plugins/Interchange/Assets/Content/gltf/MaterialInstances/MI_Default_Opaque.uexp" 1443
"../../../Engine/Plugins/Interchange/Assets/Content/gltf/MaterialInstances/MI_Default_Opaque_DS.uasset" 1444
"../../../Engine/Plugins/Interchange/Assets/Content/gltf/MaterialInstances/MI_Default_Opaque_DS.uexp" 1445
"../../../Engine/Plugins/Interchange/Assets/Content/gltf/MaterialFunctions/MF_Sheen.uasset" 1446
"../../../Engine/Plugins/Interchange/Assets/Content/gltf/MaterialFunctions/MF_Sheen.uexp" 1447
"../../../Engine/Plugins/Interchange/Assets/Content/gltf/MaterialBodies/MF_Sheen_Body.uasset" 1448
"../../../Engine/Plugins/Interchange/Assets/Content/gltf/MaterialBodies/MF_Sheen_Body.uexp" 1449
"../../../Engine/Plugins/Interchange/Assets/Content/gltf/M_Sheen.uasset" 1450
"../../../Engine/Plugins/Interchange/Assets/Content/gltf/M_Sheen.uexp" 1451
"../../../Engine/Plugins/Interchange/Assets/Content/gltf/MaterialInstances/MI_Sheen_Blend.uasset" 1452
"../../../Engine/Plugins/Interchange/Assets/Content/gltf/MaterialInstances/MI_Sheen_Blend.uexp" 1453
"../../../Engine/Plugins/Interchange/Assets/Content/gltf/MaterialInstances/MI_Sheen_Blend_DS.uasset" 1454
"../../../Engine/Plugins/Interchange/Assets/Content/gltf/MaterialInstances/MI_Sheen_Blend_DS.uexp" 1455
"../../../Engine/Plugins/Interchange/Assets/Content/gltf/MaterialInstances/MI_Sheen_Mask.uasset" 1456
"../../../Engine/Plugins/Interchange/Assets/Content/gltf/MaterialInstances/MI_Sheen_Mask.uexp" 1457
"../../../Engine/Plugins/Interchange/Assets/Content/gltf/MaterialInstances/MI_Sheen_Mask_DS.uasset" 1458
"../../../Engine/Plugins/Interchange/Assets/Content/gltf/MaterialInstances/MI_Sheen_Mask_DS.uexp" 1459
"../../../Engine/Plugins/Interchange/Assets/Content/gltf/MaterialInstances/MI_Sheen_Opaque.uasset" 1460
"../../../Engine/Plugins/Interchange/Assets/Content/gltf/MaterialInstances/MI_Sheen_Opaque.uexp" 1461
"../../../Engine/Plugins/Interchange/Assets/Content/gltf/MaterialInstances/MI_Sheen_Opaque_DS.uasset" 1462
"../../../Engine/Plugins/Interchange/Assets/Content/gltf/MaterialInstances/MI_Sheen_Opaque_DS.uexp" 1463
"../../../Engine/Content/Functions/Engine_MaterialFunctions02/Math/AddComponents.uasset" 1464
"../../../Engine/Content/Functions/Engine_MaterialFunctions02/Math/AddComponents.uexp" 1465
"../../../Engine/Plugins/Interchange/Assets/Content/gltf/MaterialFunctions/MF_DiffuseSpecGloss.uasset" 1466
"../../../Engine/Plugins/Interchange/Assets/Content/gltf/MaterialFunctions/MF_DiffuseSpecGloss.uexp" 1467
"../../../Engine/Plugins/Interchange/Assets/Content/gltf/MaterialFunctions/MF_PerceivedBrightness.uasset" 1468
"../../../Engine/Plugins/Interchange/Assets/Content/gltf/MaterialFunctions/MF_PerceivedBrightness.uexp" 1469
"../../../Engine/Plugins/Interchange/Assets/Content/gltf/MaterialFunctions/MF_SpecGlossToMetalRoughness.uasset" 1470
"../../../Engine/Plugins/Interchange/Assets/Content/gltf/MaterialFunctions/MF_SpecGlossToMetalRoughness.uexp" 1471
"../../../Engine/Plugins/Interchange/Assets/Content/gltf/MaterialFunctions/MF_MaxComponentValue.uasset" 1472
"../../../Engine/Plugins/Interchange/Assets/Content/gltf/MaterialFunctions/MF_MaxComponentValue.uexp" 1473
"../../../Engine/Plugins/Interchange/Assets/Content/gltf/MaterialBodies/MF_SpecularGlossiness_Body.uasset" 1474
"../../../Engine/Plugins/Interchange/Assets/Content/gltf/MaterialBodies/MF_SpecularGlossiness_Body.uexp" 1475
"../../../Engine/Plugins/Interchange/Assets/Content/gltf/M_SpecularGlossiness.uasset" 1476
"../../../Engine/Plugins/Interchange/Assets/Content/gltf/M_SpecularGlossiness.uexp" 1477
"../../../Engine/Plugins/Interchange/Assets/Content/gltf/MaterialInstances/MI_SpecularGlossiness_Blend.uasset" 1478
"../../../Engine/Plugins/Interchange/Assets/Content/gltf/MaterialInstances/MI_SpecularGlossiness_Blend.uexp" 1479
"../../../Engine/Plugins/Interchange/Assets/Content/gltf/MaterialInstances/MI_SpecularGlossiness_Blend_DS.uasset" 1480
"../../../Engine/Plugins/Interchange/Assets/Content/gltf/MaterialInstances/MI_SpecularGlossiness_Blend_DS.uexp" 1481
"../../../Engine/Plugins/Interchange/Assets/Content/gltf/MaterialInstances/MI_SpecularGlossiness_Mask.uasset" 1482
"../../../Engine/Plugins/Interchange/Assets/Content/gltf/MaterialInstances/MI_SpecularGlossiness_Mask.uexp" 1483
"../../../Engine/Plugins/Interchange/Assets/Content/gltf/MaterialInstances/MI_SpecularGlossiness_Mask_DS.uasset" 1484
"../../../Engine/Plugins/Interchange/Assets/Content/gltf/MaterialInstances/MI_SpecularGlossiness_Mask_DS.uexp" 1485
"../../../Engine/Plugins/Interchange/Assets/Content/gltf/MaterialInstances/MI_SpecularGlossiness_Opaque.uasset" 1486
"../../../Engine/Plugins/Interchange/Assets/Content/gltf/MaterialInstances/MI_SpecularGlossiness_Opaque.uexp" 1487
"../../../Engine/Plugins/Interchange/Assets/Content/gltf/MaterialInstances/MI_SpecularGlossiness_Opaque_DS.uasset" 1488
"../../../Engine/Plugins/Interchange/Assets/Content/gltf/MaterialInstances/MI_SpecularGlossiness_Opaque_DS.uexp" 1489
"../../../Engine/Content/EngineMaterials/Good64x64TilingNoiseHighFreq.uasset" 1490
"../../../Engine/Content/EngineMaterials/Good64x64TilingNoiseHighFreq.uexp" 1491
"../../../Engine/Content/Functions/Engine_MaterialFunctions02/Texturing/ScreenAlignedPixelToPixelUVs.uasset" 1492
"../../../Engine/Content/Functions/Engine_MaterialFunctions02/Texturing/ScreenAlignedPixelToPixelUVs.uexp" 1493
"../../../Engine/Plugins/Interchange/Assets/Content/gltf/MaterialFunctions/MF_Temporal_Blur.uasset" 1494
"../../../Engine/Plugins/Interchange/Assets/Content/gltf/MaterialFunctions/MF_Temporal_Blur.uexp" 1495
"../../../Engine/Plugins/Interchange/Assets/Content/gltf/MaterialFunctions/MF_Fresnel_DS.uasset" 1496
"../../../Engine/Plugins/Interchange/Assets/Content/gltf/MaterialFunctions/MF_Fresnel_DS.uexp" 1497
"../../../Engine/Plugins/Interchange/Assets/Content/gltf/MaterialFunctions/MF_Transmission.uasset" 1498
"../../../Engine/Plugins/Interchange/Assets/Content/gltf/MaterialFunctions/MF_Transmission.uexp" 1499
"../../../Engine/Plugins/Interchange/Assets/Content/gltf/MaterialBodies/MF_Transmission_Body.uasset" 1500
"../../../Engine/Plugins/Interchange/Assets/Content/gltf/MaterialBodies/MF_Transmission_Body.uexp" 1501
"../../../Engine/Plugins/Interchange/Assets/Content/gltf/M_Transmission.uasset" 1502
"../../../Engine/Plugins/Interchange/Assets/Content/gltf/M_Transmission.uexp" 1503
"../../../Engine/Plugins/Interchange/Assets/Content/gltf/MaterialInstances/MI_Transmission.uasset" 1504
"../../../Engine/Plugins/Interchange/Assets/Content/gltf/MaterialInstances/MI_Transmission.uexp" 1505
"../../../Engine/Plugins/Interchange/Assets/Content/gltf/MaterialInstances/MI_Transmission_DS.uasset" 1506
"../../../Engine/Plugins/Interchange/Assets/Content/gltf/MaterialInstances/MI_Transmission_DS.uexp" 1507
"../../../Engine/Plugins/Interchange/Assets/Content/gltf/MaterialBodies/MF_Unlit_Body.uasset" 1508
"../../../Engine/Plugins/Interchange/Assets/Content/gltf/MaterialBodies/MF_Unlit_Body.uexp" 1509
"../../../Engine/Plugins/Interchange/Assets/Content/gltf/M_Unlit.uasset" 1510
"../../../Engine/Plugins/Interchange/Assets/Content/gltf/M_Unlit.uexp" 1511
"../../../Engine/Plugins/Interchange/Assets/Content/gltf/MaterialInstances/MI_Unlit_Blend.uasset" 1512
"../../../Engine/Plugins/Interchange/Assets/Content/gltf/MaterialInstances/MI_Unlit_Blend.uexp" 1513
"../../../Engine/Plugins/Interchange/Assets/Content/gltf/MaterialInstances/MI_Unlit_Blend_DS.uasset" 1514
"../../../Engine/Plugins/Interchange/Assets/Content/gltf/MaterialInstances/MI_Unlit_Blend_DS.uexp" 1515
"../../../Engine/Plugins/Interchange/Assets/Content/gltf/MaterialInstances/MI_Unlit_Mask.uasset" 1516
"../../../Engine/Plugins/Interchange/Assets/Content/gltf/MaterialInstances/MI_Unlit_Mask.uexp" 1517
"../../../Engine/Plugins/Interchange/Assets/Content/gltf/MaterialInstances/MI_Unlit_Mask_DS.uasset" 1518
"../../../Engine/Plugins/Interchange/Assets/Content/gltf/MaterialInstances/MI_Unlit_Mask_DS.uexp" 1519
"../../../Engine/Plugins/Interchange/Assets/Content/gltf/MaterialInstances/MI_Unlit_Opaque.uasset" 1520
"../../../Engine/Plugins/Interchange/Assets/Content/gltf/MaterialInstances/MI_Unlit_Opaque.uexp" 1521
"../../../Engine/Plugins/Interchange/Assets/Content/gltf/MaterialInstances/MI_Unlit_Opaque_DS.uasset" 1522
"../../../Engine/Plugins/Interchange/Assets/Content/gltf/MaterialInstances/MI_Unlit_Opaque_DS.uexp" 1523
"../../../Engine/Content/Functions/Engine_MaterialFunctions02/Texturing/CustomRotator.uasset" 1524
"../../../Engine/Content/Functions/Engine_MaterialFunctions02/Texturing/CustomRotator.uexp" 1525
"../../../Engine/Content/Functions/Engine_MaterialFunctions01/Gradient/GeneratedRoundRect.uasset" 1526
"../../../Engine/Content/Functions/Engine_MaterialFunctions01/Gradient/GeneratedRoundRect.uexp" 1527
"../../../Engine/Content/Functions/Engine_MaterialFunctions01/Gradient/SphereGradient-2D.uasset" 1528
"../../../Engine/Content/Functions/Engine_MaterialFunctions01/Gradient/SphereGradient-2D.uexp" 1529
"../../../Engine/Plugins/Runtime/AudioWidgets/Content/AudioMaterialSlate/Functions/MF_DotOutlined.uasset" 1530
"../../../Engine/Plugins/Runtime/AudioWidgets/Content/AudioMaterialSlate/Functions/MF_DotOutlined.uexp" 1531
"../../../Engine/Plugins/Runtime/AudioWidgets/Content/AudioMaterialSlate/M_AudioMaterialEnvelope_ADSR.uasset" 1532
"../../../Engine/Plugins/Runtime/AudioWidgets/Content/AudioMaterialSlate/M_AudioMaterialEnvelope_ADSR.uexp" 1533
"../../../Engine/Plugins/Runtime/AudioWidgets/Content/AudioMaterialSlate/MI_AudioMaterialEnvelope_ADSR.uasset" 1534
"../../../Engine/Plugins/Runtime/AudioWidgets/Content/AudioMaterialSlate/MI_AudioMaterialEnvelope_ADSR.uexp" 1535
"../../../Engine/Plugins/Runtime/AudioWidgets/Content/AudioMaterialSlate/Functions/MF_SingleLine_Smooth.uasset" 1536
"../../../Engine/Plugins/Runtime/AudioWidgets/Content/AudioMaterialSlate/Functions/MF_SingleLine_Smooth.uexp" 1537
"../../../Engine/Plugins/Runtime/AudioWidgets/Content/AudioMaterialSlate/Functions/MF_AngleGradient.uasset" 1538
"../../../Engine/Plugins/Runtime/AudioWidgets/Content/AudioMaterialSlate/Functions/MF_AngleGradient.uexp" 1539
"../../../Engine/Content/Functions/Engine_MaterialFunctions02/Lerp_3Color.uasset" 1540
"../../../Engine/Content/Functions/Engine_MaterialFunctions02/Lerp_3Color.uexp" 1541
"../../../Engine/Plugins/Runtime/AudioWidgets/Content/AudioMaterialSlate/M_AudioMaterialKnob.uasset" 1542
"../../../Engine/Plugins/Runtime/AudioWidgets/Content/AudioMaterialSlate/M_AudioMaterialKnob.uexp" 1543
"../../../Engine/Plugins/Runtime/AudioWidgets/Content/AudioMaterialSlate/MI_AudioMaterialKnob.uasset" 1544
"../../../Engine/Plugins/Runtime/AudioWidgets/Content/AudioMaterialSlate/MI_AudioMaterialKnob.uexp" 1545
"../../../Engine/Plugins/Runtime/AudioWidgets/Content/AudioMaterialSlate/Functions/MF_Lines.uasset" 1546
"../../../Engine/Plugins/Runtime/AudioWidgets/Content/AudioMaterialSlate/Functions/MF_Lines.uexp" 1547
"../../../Engine/Plugins/Runtime/AudioWidgets/Content/AudioMaterialSlate/M_AudioMaterialMeter.uasset" 1548
"../../../Engine/Plugins/Runtime/AudioWidgets/Content/AudioMaterialSlate/M_AudioMaterialMeter.uexp" 1549
"../../../Engine/Plugins/Runtime/AudioWidgets/Content/AudioMaterialSlate/MI_AudioMaterialMeter.uasset" 1550
"../../../Engine/Plugins/Runtime/AudioWidgets/Content/AudioMaterialSlate/MI_AudioMaterialMeter.uexp" 1551
"../../../Engine/Plugins/Runtime/AudioWidgets/Content/AudioMaterialSlate/M_AudioMaterialRoundedSlider.uasset" 1552
"../../../Engine/Plugins/Runtime/AudioWidgets/Content/AudioMaterialSlate/M_AudioMaterialRoundedSlider.uexp" 1553
"../../../Engine/Plugins/Runtime/AudioWidgets/Content/AudioMaterialSlate/MI_AudioMaterialRoundedSlider.uasset" 1554
"../../../Engine/Plugins/Runtime/AudioWidgets/Content/AudioMaterialSlate/MI_AudioMaterialRoundedSlider.uexp" 1555
"../../../Engine/Plugins/Runtime/AudioWidgets/Content/AudioMaterialSlate/Functions/MF_SingleLine.uasset" 1556
"../../../Engine/Plugins/Runtime/AudioWidgets/Content/AudioMaterialSlate/Functions/MF_SingleLine.uexp" 1557
"../../../Engine/Plugins/Runtime/AudioWidgets/Content/AudioMaterialSlate/M_AudioMaterialToggleButton.uasset" 1558
"../../../Engine/Plugins/Runtime/AudioWidgets/Content/AudioMaterialSlate/M_AudioMaterialToggleButton.uexp" 1559
"../../../Engine/Plugins/Runtime/AudioWidgets/Content/AudioMaterialSlate/MI_AudioMaterialToggleButton.uasset" 1560
"../../../Engine/Plugins/Runtime/AudioWidgets/Content/AudioMaterialSlate/MI_AudioMaterialToggleButton.uexp" 1561
"../../../Engine/Content/BasicShapes/Cone.ubulk" 1562
"../../../Engine/Content/BasicShapes/Cone.uasset" 1563
"../../../Engine/Content/BasicShapes/Cone.uexp" 1564
"../../../Engine/Content/BasicShapes/Cube.ubulk" 1565
"../../../Engine/Content/BasicShapes/Cube.uasset" 1566
"../../../Engine/Content/BasicShapes/Cube.uexp" 1567
"../../../Engine/Content/BasicShapes/Cylinder.ubulk" 1568
"../../../Engine/Content/BasicShapes/Cylinder.uasset" 1569
"../../../Engine/Content/BasicShapes/Cylinder.uexp" 1570
"../../../Engine/Content/EditorLandscapeResources/SplineEditorMeshMat.uasset" 1571
"../../../Engine/Content/EditorLandscapeResources/SplineEditorMeshMat.uexp" 1572
"../../../Engine/Content/EditorLandscapeResources/SplineEditorMesh.ubulk" 1573
"../../../Engine/Content/EditorLandscapeResources/SplineEditorMesh.uasset" 1574
"../../../Engine/Content/EditorLandscapeResources/SplineEditorMesh.uexp" 1575
"../../../Engine/Content/EngineResources/WhiteSquareTexture.uasset" 1576
"../../../Engine/Content/EngineResources/WhiteSquareTexture.uexp" 1577
"../../../Engine/Content/EngineMaterials/Widget3DPassThrough.uasset" 1578
"../../../Engine/Content/EngineMaterials/Widget3DPassThrough.uexp" 1579
"../../../Engine/Content/EngineMaterials/Widget3DPassThrough_Masked.uasset" 1580
"../../../Engine/Content/EngineMaterials/Widget3DPassThrough_Masked.uexp" 1581
"../../../Engine/Content/EngineMaterials/Widget3DPassThrough_Opaque.uasset" 1582
"../../../Engine/Content/EngineMaterials/Widget3DPassThrough_Opaque.uexp" 1583
"../../../Engine/Content/EngineMaterials/Widget3DPassThrough_Masked_OneSided.uasset" 1584
"../../../Engine/Content/EngineMaterials/Widget3DPassThrough_Masked_OneSided.uexp" 1585
"../../../Engine/Content/EngineMaterials/Widget3DPassThrough_Opaque_OneSided.uasset" 1586
"../../../Engine/Content/EngineMaterials/Widget3DPassThrough_Opaque_OneSided.uexp" 1587
"../../../Engine/Content/EngineMaterials/Widget3DPassThrough_Translucent.uasset" 1588
"../../../Engine/Content/EngineMaterials/Widget3DPassThrough_Translucent.uexp" 1589
"../../../Engine/Content/EngineMaterials/Widget3DPassThrough_Translucent_OneSided.uasset" 1590
"../../../Engine/Content/EngineMaterials/Widget3DPassThrough_Translucent_OneSided.uexp" 1591
"../../../Engine/Plugins/Animation/ControlRig/Content/Controls/ControlRig_Arrow2_1mm.ubulk" 1592
"../../../Engine/Plugins/Animation/ControlRig/Content/Controls/ControlRig_Arrow2_1mm.uasset" 1593
"../../../Engine/Plugins/Animation/ControlRig/Content/Controls/ControlRig_Arrow2_1mm.uexp" 1594
"../../../Engine/Plugins/Animation/ControlRig/Content/Controls/ControlRig_Arrow2_3mm.ubulk" 1595
"../../../Engine/Plugins/Animation/ControlRig/Content/Controls/ControlRig_Arrow2_3mm.uasset" 1596
"../../../Engine/Plugins/Animation/ControlRig/Content/Controls/ControlRig_Arrow2_3mm.uexp" 1597
"../../../Engine/Plugins/Animation/ControlRig/Content/Controls/ControlRig_Arrow2_solid.ubulk" 1598
"../../../Engine/Plugins/Animation/ControlRig/Content/Controls/ControlRig_Arrow2_solid.uasset" 1599
"../../../Engine/Plugins/Animation/ControlRig/Content/Controls/ControlRig_Arrow2_solid.uexp" 1600
"../../../Engine/Plugins/Animation/ControlRig/Content/Controls/ControlRig_Arrow4_1mm.ubulk" 1601
"../../../Engine/Plugins/Animation/ControlRig/Content/Controls/ControlRig_Arrow4_1mm.uasset" 1602
"../../../Engine/Plugins/Animation/ControlRig/Content/Controls/ControlRig_Arrow4_1mm.uexp" 1603
"../../../Engine/Plugins/Animation/ControlRig/Content/Controls/ControlRig_Arrow4_3mm.ubulk" 1604
"../../../Engine/Plugins/Animation/ControlRig/Content/Controls/ControlRig_Arrow4_3mm.uasset" 1605
"../../../Engine/Plugins/Animation/ControlRig/Content/Controls/ControlRig_Arrow4_3mm.uexp" 1606
"../../../Engine/Plugins/Animation/ControlRig/Content/Controls/ControlRig_Arrow4_solid.ubulk" 1607
"../../../Engine/Plugins/Animation/ControlRig/Content/Controls/ControlRig_Arrow4_solid.uasset" 1608
"../../../Engine/Plugins/Animation/ControlRig/Content/Controls/ControlRig_Arrow4_solid.uexp" 1609
"../../../Engine/Plugins/Animation/ControlRig/Content/Controls/ControlRig_Arrow_1mm.ubulk" 1610
"../../../Engine/Plugins/Animation/ControlRig/Content/Controls/ControlRig_Arrow_1mm.uasset" 1611
"../../../Engine/Plugins/Animation/ControlRig/Content/Controls/ControlRig_Arrow_1mm.uexp" 1612
"../../../Engine/Plugins/Animation/ControlRig/Content/Controls/ControlRig_Arrow_3mm.ubulk" 1613
"../../../Engine/Plugins/Animation/ControlRig/Content/Controls/ControlRig_Arrow_3mm.uasset" 1614
"../../../Engine/Plugins/Animation/ControlRig/Content/Controls/ControlRig_Arrow_3mm.uexp" 1615
"../../../Engine/Plugins/Animation/ControlRig/Content/Controls/ControlRig_Arrow_solid.ubulk" 1616
"../../../Engine/Plugins/Animation/ControlRig/Content/Controls/ControlRig_Arrow_solid.uasset" 1617
"../../../Engine/Plugins/Animation/ControlRig/Content/Controls/ControlRig_Arrow_solid.uexp" 1618
"../../../Engine/Plugins/Animation/ControlRig/Content/Controls/ControlRig_Box_1mm.ubulk" 1619
"../../../Engine/Plugins/Animation/ControlRig/Content/Controls/ControlRig_Box_1mm.uasset" 1620
"../../../Engine/Plugins/Animation/ControlRig/Content/Controls/ControlRig_Box_1mm.uexp" 1621
"../../../Engine/Plugins/Animation/ControlRig/Content/Controls/ControlRig_Box_3mm.ubulk" 1622
"../../../Engine/Plugins/Animation/ControlRig/Content/Controls/ControlRig_Box_3mm.uasset" 1623
"../../../Engine/Plugins/Animation/ControlRig/Content/Controls/ControlRig_Box_3mm.uexp" 1624
"../../../Engine/Plugins/Animation/ControlRig/Content/Controls/ControlRig_Box_solid.ubulk" 1625
"../../../Engine/Plugins/Animation/ControlRig/Content/Controls/ControlRig_Box_solid.uasset" 1626
"../../../Engine/Plugins/Animation/ControlRig/Content/Controls/ControlRig_Box_solid.uexp" 1627
"../../../Engine/Plugins/Animation/ControlRig/Content/Controls/ControlRig_Circle_1mm.ubulk" 1628
"../../../Engine/Plugins/Animation/ControlRig/Content/Controls/ControlRig_Circle_1mm.uasset" 1629
"../../../Engine/Plugins/Animation/ControlRig/Content/Controls/ControlRig_Circle_1mm.uexp" 1630
"../../../Engine/Plugins/Animation/ControlRig/Content/Controls/ControlRig_Circle_3mm.ubulk" 1631
"../../../Engine/Plugins/Animation/ControlRig/Content/Controls/ControlRig_Circle_3mm.uasset" 1632
"../../../Engine/Plugins/Animation/ControlRig/Content/Controls/ControlRig_Circle_3mm.uexp" 1633
"../../../Engine/Plugins/Animation/ControlRig/Content/Controls/ControlRig_Circle_solid.ubulk" 1634
"../../../Engine/Plugins/Animation/ControlRig/Content/Controls/ControlRig_Circle_solid.uasset" 1635
"../../../Engine/Plugins/Animation/ControlRig/Content/Controls/ControlRig_Circle_solid.uexp" 1636
"../../../Engine/Plugins/Animation/ControlRig/Content/Controls/ControlRig_Diamond_1mm.ubulk" 1637
"../../../Engine/Plugins/Animation/ControlRig/Content/Controls/ControlRig_Diamond_1mm.uasset" 1638
"../../../Engine/Plugins/Animation/ControlRig/Content/Controls/ControlRig_Diamond_1mm.uexp" 1639
"../../../Engine/Plugins/Animation/ControlRig/Content/Controls/ControlRig_Diamond_3mm.ubulk" 1640
"../../../Engine/Plugins/Animation/ControlRig/Content/Controls/ControlRig_Diamond_3mm.uasset" 1641
"../../../Engine/Plugins/Animation/ControlRig/Content/Controls/ControlRig_Diamond_3mm.uexp" 1642
"../../../Engine/Plugins/Animation/ControlRig/Content/Controls/ControlRig_Diamond_solid.ubulk" 1643
"../../../Engine/Plugins/Animation/ControlRig/Content/Controls/ControlRig_Diamond_solid.uasset" 1644
"../../../Engine/Plugins/Animation/ControlRig/Content/Controls/ControlRig_Diamond_solid.uexp" 1645
"../../../Engine/Plugins/Animation/ControlRig/Content/Controls/ControlRig_HalfCircle_1mm.ubulk" 1646
"../../../Engine/Plugins/Animation/ControlRig/Content/Controls/ControlRig_HalfCircle_1mm.uasset" 1647
"../../../Engine/Plugins/Animation/ControlRig/Content/Controls/ControlRig_HalfCircle_1mm.uexp" 1648
"../../../Engine/Plugins/Animation/ControlRig/Content/Controls/ControlRig_HalfCircle_3mm.ubulk" 1649
"../../../Engine/Plugins/Animation/ControlRig/Content/Controls/ControlRig_HalfCircle_3mm.uasset" 1650
"../../../Engine/Plugins/Animation/ControlRig/Content/Controls/ControlRig_HalfCircle_3mm.uexp" 1651
"../../../Engine/Plugins/Animation/ControlRig/Content/Controls/ControlRig_HalfCircle_solid.ubulk" 1652
"../../../Engine/Plugins/Animation/ControlRig/Content/Controls/ControlRig_HalfCircle_solid.uasset" 1653
"../../../Engine/Plugins/Animation/ControlRig/Content/Controls/ControlRig_HalfCircle_solid.uexp" 1654
"../../../Engine/Plugins/Animation/ControlRig/Content/Controls/ControlRig_Hexagon_1mm.ubulk" 1655
"../../../Engine/Plugins/Animation/ControlRig/Content/Controls/ControlRig_Hexagon_1mm.uasset" 1656
"../../../Engine/Plugins/Animation/ControlRig/Content/Controls/ControlRig_Hexagon_1mm.uexp" 1657
"../../../Engine/Plugins/Animation/ControlRig/Content/Controls/ControlRig_Hexagon_3mm.ubulk" 1658
"../../../Engine/Plugins/Animation/ControlRig/Content/Controls/ControlRig_Hexagon_3mm.uasset" 1659
"../../../Engine/Plugins/Animation/ControlRig/Content/Controls/ControlRig_Hexagon_3mm.uexp" 1660
"../../../Engine/Plugins/Animation/ControlRig/Content/Controls/ControlRig_Hexagon_solid.ubulk" 1661
"../../../Engine/Plugins/Animation/ControlRig/Content/Controls/ControlRig_Hexagon_solid.uasset" 1662
"../../../Engine/Plugins/Animation/ControlRig/Content/Controls/ControlRig_Hexagon_solid.uexp" 1663
"../../../Engine/Plugins/Animation/ControlRig/Content/Controls/ControlRig_Octagon_1mm.ubulk" 1664
"../../../Engine/Plugins/Animation/ControlRig/Content/Controls/ControlRig_Octagon_1mm.uasset" 1665
"../../../Engine/Plugins/Animation/ControlRig/Content/Controls/ControlRig_Octagon_1mm.uexp" 1666
"../../../Engine/Plugins/Animation/ControlRig/Content/Controls/ControlRig_Octagon_3mm.ubulk" 1667
"../../../Engine/Plugins/Animation/ControlRig/Content/Controls/ControlRig_Octagon_3mm.uasset" 1668
"../../../Engine/Plugins/Animation/ControlRig/Content/Controls/ControlRig_Octagon_3mm.uexp" 1669
"../../../Engine/Plugins/Animation/ControlRig/Content/Controls/ControlRig_Octagon_solid.ubulk" 1670
"../../../Engine/Plugins/Animation/ControlRig/Content/Controls/ControlRig_Octagon_solid.uasset" 1671
"../../../Engine/Plugins/Animation/ControlRig/Content/Controls/ControlRig_Octagon_solid.uexp" 1672
"../../../Engine/Plugins/Animation/ControlRig/Content/Controls/ControlRig_Pyramid_1mm.ubulk" 1673
"../../../Engine/Plugins/Animation/ControlRig/Content/Controls/ControlRig_Pyramid_1mm.uasset" 1674
"../../../Engine/Plugins/Animation/ControlRig/Content/Controls/ControlRig_Pyramid_1mm.uexp" 1675
"../../../Engine/Plugins/Animation/ControlRig/Content/Controls/ControlRig_Pyramid_3mm.ubulk" 1676
"../../../Engine/Plugins/Animation/ControlRig/Content/Controls/ControlRig_Pyramid_3mm.uasset" 1677
"../../../Engine/Plugins/Animation/ControlRig/Content/Controls/ControlRig_Pyramid_3mm.uexp" 1678
"../../../Engine/Plugins/Animation/ControlRig/Content/Controls/ControlRig_Pyramid_solid.ubulk" 1679
"../../../Engine/Plugins/Animation/ControlRig/Content/Controls/ControlRig_Pyramid_solid.uasset" 1680
"../../../Engine/Plugins/Animation/ControlRig/Content/Controls/ControlRig_Pyramid_solid.uexp" 1681
"../../../Engine/Plugins/Animation/ControlRig/Content/Controls/ControlRig_QuarterCircle_1mm.ubulk" 1682
"../../../Engine/Plugins/Animation/ControlRig/Content/Controls/ControlRig_QuarterCircle_1mm.uasset" 1683
"../../../Engine/Plugins/Animation/ControlRig/Content/Controls/ControlRig_QuarterCircle_1mm.uexp" 1684
"../../../Engine/Plugins/Animation/ControlRig/Content/Controls/ControlRig_QuarterCircle_3mm.ubulk" 1685
"../../../Engine/Plugins/Animation/ControlRig/Content/Controls/ControlRig_QuarterCircle_3mm.uasset" 1686
"../../../Engine/Plugins/Animation/ControlRig/Content/Controls/ControlRig_QuarterCircle_3mm.uexp" 1687
"../../../Engine/Plugins/Animation/ControlRig/Content/Controls/ControlRig_QuarterCircle_solid.ubulk" 1688
"../../../Engine/Plugins/Animation/ControlRig/Content/Controls/ControlRig_QuarterCircle_solid.uasset" 1689
"../../../Engine/Plugins/Animation/ControlRig/Content/Controls/ControlRig_QuarterCircle_solid.uexp" 1690
"../../../Engine/Plugins/Animation/ControlRig/Content/Controls/ControlRig_RoundedSquare_1mm.ubulk" 1691
"../../../Engine/Plugins/Animation/ControlRig/Content/Controls/ControlRig_RoundedSquare_1mm.uasset" 1692
"../../../Engine/Plugins/Animation/ControlRig/Content/Controls/ControlRig_RoundedSquare_1mm.uexp" 1693
"../../../Engine/Plugins/Animation/ControlRig/Content/Controls/ControlRig_RoundedSquare_3mm.ubulk" 1694
"../../../Engine/Plugins/Animation/ControlRig/Content/Controls/ControlRig_RoundedSquare_3mm.uasset" 1695
"../../../Engine/Plugins/Animation/ControlRig/Content/Controls/ControlRig_RoundedSquare_3mm.uexp" 1696
"../../../Engine/Plugins/Animation/ControlRig/Content/Controls/ControlRig_RoundedSquare_solid.ubulk" 1697
"../../../Engine/Plugins/Animation/ControlRig/Content/Controls/ControlRig_RoundedSquare_solid.uasset" 1698
"../../../Engine/Plugins/Animation/ControlRig/Content/Controls/ControlRig_RoundedSquare_solid.uexp" 1699
"../../../Engine/Plugins/Animation/ControlRig/Content/Controls/ControlRig_RoundedTriangle_1mm.ubulk" 1700
"../../../Engine/Plugins/Animation/ControlRig/Content/Controls/ControlRig_RoundedTriangle_1mm.uasset" 1701
"../../../Engine/Plugins/Animation/ControlRig/Content/Controls/ControlRig_RoundedTriangle_1mm.uexp" 1702
"../../../Engine/Plugins/Animation/ControlRig/Content/Controls/ControlRig_RoundedTriangle_3mm.ubulk" 1703
"../../../Engine/Plugins/Animation/ControlRig/Content/Controls/ControlRig_RoundedTriangle_3mm.uasset" 1704
"../../../Engine/Plugins/Animation/ControlRig/Content/Controls/ControlRig_RoundedTriangle_3mm.uexp" 1705
"../../../Engine/Plugins/Animation/ControlRig/Content/Controls/ControlRig_RoundedTriangle_solid.ubulk" 1706
"../../../Engine/Plugins/Animation/ControlRig/Content/Controls/ControlRig_RoundedTriangle_solid.uasset" 1707
"../../../Engine/Plugins/Animation/ControlRig/Content/Controls/ControlRig_RoundedTriangle_solid.uexp" 1708
"../../../Engine/Plugins/Animation/ControlRig/Content/Controls/ControlRig_Sphere_1mm.ubulk" 1709
"../../../Engine/Plugins/Animation/ControlRig/Content/Controls/ControlRig_Sphere_1mm.uasset" 1710
"../../../Engine/Plugins/Animation/ControlRig/Content/Controls/ControlRig_Sphere_1mm.uexp" 1711
"../../../Engine/Plugins/Animation/ControlRig/Content/Controls/ControlRig_Sphere_3mm.ubulk" 1712
"../../../Engine/Plugins/Animation/ControlRig/Content/Controls/ControlRig_Sphere_3mm.uasset" 1713
"../../../Engine/Plugins/Animation/ControlRig/Content/Controls/ControlRig_Sphere_3mm.uexp" 1714
"../../../Engine/Plugins/Animation/ControlRig/Content/Controls/ControlRig_Sphere_solid.ubulk" 1715
"../../../Engine/Plugins/Animation/ControlRig/Content/Controls/ControlRig_Sphere_solid.uasset" 1716
"../../../Engine/Plugins/Animation/ControlRig/Content/Controls/ControlRig_Sphere_solid.uexp" 1717
"../../../Engine/Plugins/Animation/ControlRig/Content/Controls/ControlRig_Square_1mm.ubulk" 1718
"../../../Engine/Plugins/Animation/ControlRig/Content/Controls/ControlRig_Square_1mm.uasset" 1719
"../../../Engine/Plugins/Animation/ControlRig/Content/Controls/ControlRig_Square_1mm.uexp" 1720
"../../../Engine/Plugins/Animation/ControlRig/Content/Controls/ControlRig_Square_3mm.ubulk" 1721
"../../../Engine/Plugins/Animation/ControlRig/Content/Controls/ControlRig_Square_3mm.uasset" 1722
"../../../Engine/Plugins/Animation/ControlRig/Content/Controls/ControlRig_Square_3mm.uexp" 1723
"../../../Engine/Plugins/Animation/ControlRig/Content/Controls/ControlRig_Square_solid.ubulk" 1724
"../../../Engine/Plugins/Animation/ControlRig/Content/Controls/ControlRig_Square_solid.uasset" 1725
"../../../Engine/Plugins/Animation/ControlRig/Content/Controls/ControlRig_Square_solid.uexp" 1726
"../../../Engine/Plugins/Animation/ControlRig/Content/Controls/ControlRig_Star4_1mm.ubulk" 1727
"../../../Engine/Plugins/Animation/ControlRig/Content/Controls/ControlRig_Star4_1mm.uasset" 1728
"../../../Engine/Plugins/Animation/ControlRig/Content/Controls/ControlRig_Star4_1mm.uexp" 1729
"../../../Engine/Plugins/Animation/ControlRig/Content/Controls/ControlRig_Star4_3mm.ubulk" 1730
"../../../Engine/Plugins/Animation/ControlRig/Content/Controls/ControlRig_Star4_3mm.uasset" 1731
"../../../Engine/Plugins/Animation/ControlRig/Content/Controls/ControlRig_Star4_3mm.uexp" 1732
"../../../Engine/Plugins/Animation/ControlRig/Content/Controls/ControlRig_Star4_solid.ubulk" 1733
"../../../Engine/Plugins/Animation/ControlRig/Content/Controls/ControlRig_Star4_solid.uasset" 1734
"../../../Engine/Plugins/Animation/ControlRig/Content/Controls/ControlRig_Star4_solid.uexp" 1735
"../../../Engine/Plugins/Animation/ControlRig/Content/Controls/ControlRig_Triangle_1mm.ubulk" 1736
"../../../Engine/Plugins/Animation/ControlRig/Content/Controls/ControlRig_Triangle_1mm.uasset" 1737
"../../../Engine/Plugins/Animation/ControlRig/Content/Controls/ControlRig_Triangle_1mm.uexp" 1738
"../../../Engine/Plugins/Animation/ControlRig/Content/Controls/ControlRig_Triangle_3mm.ubulk" 1739
"../../../Engine/Plugins/Animation/ControlRig/Content/Controls/ControlRig_Triangle_3mm.uasset" 1740
"../../../Engine/Plugins/Animation/ControlRig/Content/Controls/ControlRig_Triangle_3mm.uexp" 1741
"../../../Engine/Plugins/Animation/ControlRig/Content/Controls/ControlRig_Triangle_solid.ubulk" 1742
"../../../Engine/Plugins/Animation/ControlRig/Content/Controls/ControlRig_Triangle_solid.uasset" 1743
"../../../Engine/Plugins/Animation/ControlRig/Content/Controls/ControlRig_Triangle_solid.uexp" 1744
"../../../Engine/Plugins/Animation/ControlRig/Content/Controls/ControlRig_Wedge_1mm.ubulk" 1745
"../../../Engine/Plugins/Animation/ControlRig/Content/Controls/ControlRig_Wedge_1mm.uasset" 1746
"../../../Engine/Plugins/Animation/ControlRig/Content/Controls/ControlRig_Wedge_1mm.uexp" 1747
"../../../Engine/Plugins/Animation/ControlRig/Content/Controls/ControlRig_Wedge_3mm.ubulk" 1748
"../../../Engine/Plugins/Animation/ControlRig/Content/Controls/ControlRig_Wedge_3mm.uasset" 1749
"../../../Engine/Plugins/Animation/ControlRig/Content/Controls/ControlRig_Wedge_3mm.uexp" 1750
"../../../Engine/Plugins/Animation/ControlRig/Content/Controls/ControlRig_Wedge_solid.ubulk" 1751
"../../../Engine/Plugins/Animation/ControlRig/Content/Controls/ControlRig_Wedge_solid.uasset" 1752
"../../../Engine/Plugins/Animation/ControlRig/Content/Controls/ControlRig_Wedge_solid.uexp" 1753
"../../../Engine/Plugins/2D/Paper2D/Content/MaskedUnlitSpriteMaterial.uasset" 1754
"../../../Engine/Plugins/2D/Paper2D/Content/MaskedUnlitSpriteMaterial.uexp" 1755
"../../../Engine/Plugins/2D/Paper2D/Content/OpaqueUnlitSpriteMaterial.uasset" 1756
"../../../Engine/Plugins/2D/Paper2D/Content/OpaqueUnlitSpriteMaterial.uexp" 1757
"../../../Engine/Plugins/Media/MediaPlate/Content/SM_MediaPlateScreen.ubulk" 1758
"../../../Engine/Plugins/Media/MediaPlate/Content/SM_MediaPlateScreen.uasset" 1759
"../../../Engine/Plugins/Media/MediaPlate/Content/SM_MediaPlateScreen.uexp" 1760
"C:/Users/Guest2/Documents/Unreal Projects/IAmSadder/IAmSad/Content/Models/Candle1_basecolor.ubulk" 1761
"C:/Users/Guest2/Documents/Unreal Projects/IAmSadder/IAmSad/Content/Models/Candle1_basecolor.uasset" 1762
"C:/Users/Guest2/Documents/Unreal Projects/IAmSadder/IAmSad/Content/Models/Candle1_basecolor.uexp" 1763
"C:/Users/Guest2/Documents/Unreal Projects/IAmSadder/IAmSad/Content/Models/TexturesAndMats/Deco/Flame.ubulk" 1764
"C:/Users/Guest2/Documents/Unreal Projects/IAmSadder/IAmSad/Content/Models/TexturesAndMats/Deco/Flame.uasset" 1765
"C:/Users/Guest2/Documents/Unreal Projects/IAmSadder/IAmSad/Content/Models/TexturesAndMats/Deco/Flame.uexp" 1766
"C:/Users/Guest2/Documents/Unreal Projects/IAmSadder/IAmSad/Content/Models/CandleOther_basecolor.ubulk" 1767
"C:/Users/Guest2/Documents/Unreal Projects/IAmSadder/IAmSad/Content/Models/CandleOther_basecolor.uasset" 1768
"C:/Users/Guest2/Documents/Unreal Projects/IAmSadder/IAmSad/Content/Models/CandleOther_basecolor.uexp" 1769
"C:/Users/Guest2/Documents/Unreal Projects/IAmSadder/IAmSad/Content/VFX/M_CandleFlame.uasset" 1770
"C:/Users/Guest2/Documents/Unreal Projects/IAmSadder/IAmSad/Content/VFX/M_CandleFlame.uexp" 1771
"../../../Engine/Plugins/FX/Niagara/Content/VectorFields/Assets/TilingCurl32.uasset" 1772
"../../../Engine/Plugins/FX/Niagara/Content/VectorFields/Assets/TilingCurl32.uexp" 1773
"C:/Users/Guest2/Documents/Unreal Projects/IAmSadder/IAmSad/Content/VFX/NS_CandleFlame.uasset" 1774
"C:/Users/Guest2/Documents/Unreal Projects/IAmSadder/IAmSad/Content/VFX/NS_CandleFlame.uexp" 1775
"C:/Users/Guest2/Documents/Unreal Projects/IAmSadder/IAmSad/Content/ThirdPerson/UI/WBP_HealthBar.uasset" 1776
"C:/Users/Guest2/Documents/Unreal Projects/IAmSadder/IAmSad/Content/ThirdPerson/UI/WBP_HealthBar.uexp" 1777
"../../../Engine/Content/EngineResources/LandscapeVisibilityLayerInfo.uasset" 1778
"../../../Engine/Content/EngineResources/LandscapeVisibilityLayerInfo.uexp" 1779
"../../../Engine/Content/VREditor/TransformGizmo/StartRotationHandleIndicator.ubulk" 1780
"../../../Engine/Content/VREditor/TransformGizmo/StartRotationHandleIndicator.uasset" 1781
"../../../Engine/Content/VREditor/TransformGizmo/StartRotationHandleIndicator.uexp" 1782
"../../../Engine/Content/VREditor/Sounds/UI/Drop_Item_From_ContentBrowser.ubulk" 1783
"../../../Engine/Content/VREditor/Sounds/UI/Drop_Item_From_ContentBrowser.uasset" 1784
"../../../Engine/Content/VREditor/Sounds/UI/Drop_Item_From_ContentBrowser.uexp" 1785
"../../../Engine/Content/VREditor/TransformGizmo/PlaneTranslationHandle.ubulk" 1786
"../../../Engine/Content/VREditor/TransformGizmo/PlaneTranslationHandle.uasset" 1787
"../../../Engine/Content/VREditor/TransformGizmo/PlaneTranslationHandle.uexp" 1788
"../../../Engine/Content/VREditor/Sounds/UI/Object_Snaps_To_Grid.ubulk" 1789
"../../../Engine/Content/VREditor/Sounds/UI/Object_Snaps_To_Grid.uasset" 1790
"../../../Engine/Content/VREditor/Sounds/UI/Object_Snaps_To_Grid.uexp" 1791
"../../../Engine/Content/VREditor/Sounds/UI/Selection_Changes.ubulk" 1792
"../../../Engine/Content/VREditor/Sounds/UI/Selection_Changes.uasset" 1793
"../../../Engine/Content/VREditor/Sounds/UI/Selection_Changes.uexp" 1794
"../../../Engine/Content/VREditor/Sounds/UI/Object_Snaps_To_Another_Actor.ubulk" 1795
"../../../Engine/Content/VREditor/Sounds/UI/Object_Snaps_To_Another_Actor.uasset" 1796
"../../../Engine/Content/VREditor/Sounds/UI/Object_Snaps_To_Another_Actor.uexp" 1797
"../../../Engine/Content/VREditor/TransformGizmo/TranslucentTransformGizmoMaterial_Inst.uasset" 1798
"../../../Engine/Content/VREditor/TransformGizmo/TranslucentTransformGizmoMaterial_Inst.uexp" 1799
"../../../Engine/Content/VREditor/TransformGizmo/TransformGizmoFreeRotation.ubulk" 1800
"../../../Engine/Content/VREditor/TransformGizmo/TransformGizmoFreeRotation.uasset" 1801
"../../../Engine/Content/VREditor/TransformGizmo/TransformGizmoFreeRotation.uexp" 1802
"../../../Engine/Content/VREditor/Sounds/UI/Scaling_Down.ubulk" 1803
"../../../Engine/Content/VREditor/Sounds/UI/Scaling_Down.uasset" 1804
"../../../Engine/Content/VREditor/Sounds/UI/Scaling_Down.uexp" 1805
"../../../Engine/Content/Functions/Engine_MaterialFunctions02/SplitComponents.uasset" 1806
"../../../Engine/Content/Functions/Engine_MaterialFunctions02/SplitComponents.uexp" 1807
"../../../Engine/Content/VREditor/SnapGrid/SnapGridMaterial.uasset" 1808
"../../../Engine/Content/VREditor/SnapGrid/SnapGridMaterial.uexp" 1809
"../../../Engine/Content/VREditor/SnapGrid/SnapGridPlaneMesh.ubulk" 1810
"../../../Engine/Content/VREditor/SnapGrid/SnapGridPlaneMesh.uasset" 1811
"../../../Engine/Content/VREditor/SnapGrid/SnapGridPlaneMesh.uexp" 1812
"../../../Engine/Content/VREditor/Sounds/UI/Scaling_Up.ubulk" 1813
"../../../Engine/Content/VREditor/Sounds/UI/Scaling_Up.uasset" 1814
"../../../Engine/Content/VREditor/Sounds/UI/Scaling_Up.uexp" 1815
"../../../Engine/Content/VREditor/TransformGizmo/TransformGizmoMaterial_Inst.uasset" 1816
"../../../Engine/Content/VREditor/TransformGizmo/TransformGizmoMaterial_Inst.uexp" 1817
"../../../Engine/Content/VREditor/Sounds/UI/Gizmo_Handle_Clicked.ubulk" 1818
"../../../Engine/Content/VREditor/Sounds/UI/Gizmo_Handle_Clicked.uasset" 1819
"../../../Engine/Content/VREditor/Sounds/UI/Gizmo_Handle_Clicked.uexp" 1820
"../../../Engine/Content/VREditor/TransformGizmo/RotationHandleQuarter.ubulk" 1821
"../../../Engine/Content/VREditor/TransformGizmo/RotationHandleQuarter.uasset" 1822
"../../../Engine/Content/VREditor/TransformGizmo/RotationHandleQuarter.uexp" 1823
"../../../Engine/Content/VREditor/TransformGizmo/TranslateArrowHandle.ubulk" 1824
"../../../Engine/Content/VREditor/TransformGizmo/TranslateArrowHandle.uasset" 1825
"../../../Engine/Content/VREditor/TransformGizmo/TranslateArrowHandle.uexp" 1826
"../../../Engine/Content/VREditor/TransformGizmo/RotationHandleIndicator.ubulk" 1827
"../../../Engine/Content/VREditor/TransformGizmo/RotationHandleIndicator.uasset" 1828
"../../../Engine/Content/VREditor/TransformGizmo/RotationHandleIndicator.uexp" 1829
"../../../Engine/Content/VREditor/TransformGizmo/UniformScaleHandle.ubulk" 1830
"../../../Engine/Content/VREditor/TransformGizmo/UniformScaleHandle.uasset" 1831
"../../../Engine/Content/VREditor/TransformGizmo/UniformScaleHandle.uexp" 1832
"../../../Engine/Content/VREditor/TransformGizmo/RotationHandleFull.ubulk" 1833
"../../../Engine/Content/VREditor/TransformGizmo/RotationHandleFull.uasset" 1834
"../../../Engine/Content/VREditor/TransformGizmo/RotationHandleFull.uexp" 1835
"../../../Engine/Content/VREditor/Sounds/UI/Object_PickUp.ubulk" 1836
"../../../Engine/Content/VREditor/Sounds/UI/Object_PickUp.uasset" 1837
"../../../Engine/Content/VREditor/Sounds/UI/Object_PickUp.uexp" 1838
"../../../Engine/Plugins/Animation/DeformerGraph/Content/DeformerFunctions/DG_Function_ComputeNormalsTangents.uasset" 1839
"../../../Engine/Plugins/Animation/DeformerGraph/Content/DeformerFunctions/DG_Function_ComputeNormalsTangents.uexp" 1840
"../../../Engine/Plugins/Animation/DeformerGraph/Content/DeformerFunctions/DG_Function_LinearBlendSkin_Morph_Cloth.uasset" 1841
"../../../Engine/Plugins/Animation/DeformerGraph/Content/DeformerFunctions/DG_Function_LinearBlendSkin_Morph_Cloth.uexp" 1842
"../../../Engine/Plugins/Animation/DeformerGraph/Content/DeformerFunctions/DG_Function_LinearBlendSkin_Morph_Cloth_PositionOnly.uasset" 1843
"../../../Engine/Plugins/Animation/DeformerGraph/Content/DeformerFunctions/DG_Function_LinearBlendSkin_Morph_Cloth_PositionOnly.uexp" 1844
"../../../Engine/Plugins/Animation/DeformerGraph/Content/Deformers/DG_LinearBlendSkin_Morph_Cloth.uasset" 1845
"../../../Engine/Plugins/Animation/DeformerGraph/Content/Deformers/DG_LinearBlendSkin_Morph_Cloth.uexp" 1846
"../../../Engine/Plugins/Animation/DeformerGraph/Content/Deformers/DG_LinearBlendSkin_Morph_Cloth_RecomputeNormals.uasset" 1847
"../../../Engine/Plugins/Animation/DeformerGraph/Content/Deformers/DG_LinearBlendSkin_Morph_Cloth_RecomputeNormals.uexp" 1848
"../../../Engine/Plugins/NNE/NNEDenoiser/Content/NNEDT_Oidn2-3_Balanced.uasset" 1849
"../../../Engine/Plugins/NNE/NNEDenoiser/Content/NNEDT_Oidn2-3_Balanced.uexp" 1850
"../../../Engine/Plugins/NNE/NNEDenoiser/Content/NNEDT_Oidn2-3_Balanced_Alpha.uasset" 1851
"../../../Engine/Plugins/NNE/NNEDenoiser/Content/NNEDT_Oidn2-3_Balanced_Alpha.uexp" 1852
"../../../Engine/Plugins/NNE/NNEDenoiser/Content/NNED_Oidn2-3_Balanced.uasset" 1853
"../../../Engine/Plugins/NNE/NNEDenoiser/Content/NNED_Oidn2-3_Balanced.uexp" 1854
"../../../Engine/Plugins/NNE/NNEDenoiser/Content/NNED_Oidn2-3_Balanced_Alpha.uasset" 1855
"../../../Engine/Plugins/NNE/NNEDenoiser/Content/NNED_Oidn2-3_Balanced_Alpha.uexp" 1856
"../../../Engine/Plugins/NNE/NNEDenoiser/Content/NNED_Oidn2-3_Fast.uasset" 1857
"../../../Engine/Plugins/NNE/NNEDenoiser/Content/NNED_Oidn2-3_Fast.uexp" 1858
"../../../Engine/Plugins/NNE/NNEDenoiser/Content/NNED_Oidn2-3_Fast_Alpha.uasset" 1859
"../../../Engine/Plugins/NNE/NNEDenoiser/Content/NNED_Oidn2-3_Fast_Alpha.uexp" 1860
"../../../Engine/Plugins/NNE/NNEDenoiser/Content/NNED_Oidn2-3_HighQuality.uasset" 1861
"../../../Engine/Plugins/NNE/NNEDenoiser/Content/NNED_Oidn2-3_HighQuality.uexp" 1862
"../../../Engine/Plugins/NNE/NNEDenoiser/Content/NNED_Oidn2-3_HighQuality_Alpha.uasset" 1863
"../../../Engine/Plugins/NNE/NNEDenoiser/Content/NNED_Oidn2-3_HighQuality_Alpha.uexp" 1864
"../../../Engine/Plugins/NNE/NNEDenoiser/Content/NNE_oidn2-3-0_rt_hdr_alb_nrm_small__dyn__fp16_opset11_DenoiseAlpha.uasset" 1865
"../../../Engine/Plugins/NNE/NNEDenoiser/Content/NNE_oidn2-3-0_rt_hdr_alb_nrm_small__dyn__fp16_opset11_DenoiseAlpha.uexp" 1866
"../../../Engine/Plugins/NNE/NNEDenoiser/Content/NNE_oidn2-3-0_rt_hdr_alb_nrm_small__dyn__fp16_opset11_ForwardAlpha.uasset" 1867
"../../../Engine/Plugins/NNE/NNEDenoiser/Content/NNE_oidn2-3-0_rt_hdr_alb_nrm_small__dyn__fp16_opset11_ForwardAlpha.uexp" 1868
"../../../Engine/Plugins/NNE/NNEDenoiser/Content/NNE_oidn2-3-0_rt_hdr_alb_nrm__dyn__fp16_opset11_DenoiseAlpha.uasset" 1869
"../../../Engine/Plugins/NNE/NNEDenoiser/Content/NNE_oidn2-3-0_rt_hdr_alb_nrm__dyn__fp16_opset11_DenoiseAlpha.uexp" 1870
"../../../Engine/Plugins/NNE/NNEDenoiser/Content/NNE_oidn2-3-0_rt_hdr_alb_nrm__dyn__fp16_opset11_ForwardAlpha.uasset" 1871
"../../../Engine/Plugins/NNE/NNEDenoiser/Content/NNE_oidn2-3-0_rt_hdr_alb_nrm__dyn__fp16_opset11_ForwardAlpha.uexp" 1872
"../../../Engine/Plugins/NNE/NNEDenoiser/Content/NNE_oidn2-3-0_rt_hdr_calb_cnrm_large__dyn__fp16_opset11_DenoiseAlpha.uasset" 1873
"../../../Engine/Plugins/NNE/NNEDenoiser/Content/NNE_oidn2-3-0_rt_hdr_calb_cnrm_large__dyn__fp16_opset11_DenoiseAlpha.uexp" 1874
"../../../Engine/Plugins/NNE/NNEDenoiser/Content/NNE_oidn2-3-0_rt_hdr_calb_cnrm_large__dyn__fp16_opset11_ForwardAlpha.uasset" 1875
"../../../Engine/Plugins/NNE/NNEDenoiser/Content/NNE_oidn2-3-0_rt_hdr_calb_cnrm_large__dyn__fp16_opset11_ForwardAlpha.uexp" 1876
"C:/Users/Guest2/Documents/Unreal Projects/IAmSadder/IAmSad/Content/ThirdPerson/Blueprints/LS_HorizentalMovingPlatform_2.uasset" 1877
"C:/Users/Guest2/Documents/Unreal Projects/IAmSadder/IAmSad/Content/ThirdPerson/Blueprints/LS_HorizentalMovingPlatform_2.uexp" 1878
"C:/Users/Guest2/Documents/Unreal Projects/IAmSadder/IAmSad/Content/ThirdPerson/Blueprints/LS_VerticalMovingPlatform.uasset" 1879
"C:/Users/Guest2/Documents/Unreal Projects/IAmSadder/IAmSad/Content/ThirdPerson/Blueprints/LS_VerticalMovingPlatform.uexp" 1880
"C:/Users/Guest2/Documents/Unreal Projects/IAmSadder/IAmSad/Content/ThirdPerson/Maps/ThirdPersonMap.uexp" 1881
"C:/Users/Guest2/Documents/Unreal Projects/IAmSadder/IAmSad/Content/ThirdPerson/Maps/ThirdPersonMap.umap" 1882
"C:/Users/Guest2/Documents/Unreal Projects/IAmSadder/IAmSad/Content/Menu/menu.uasset" 1883
"C:/Users/Guest2/Documents/Unreal Projects/IAmSadder/IAmSad/Content/Menu/menu.uexp" 1884
"C:/Users/Guest2/Documents/Unreal Projects/IAmSadder/IAmSad/Content/Menu/WBP_MainMenu.uasset" 1885
"C:/Users/Guest2/Documents/Unreal Projects/IAmSadder/IAmSad/Content/Menu/WBP_MainMenu.uexp" 1886
"C:/Users/Guest2/Documents/Unreal Projects/IAmSadder/IAmSad/Content/WAA.uexp" 1887
"C:/Users/Guest2/Documents/Unreal Projects/IAmSadder/IAmSad/Content/WAA.umap" 1888
"../../../Engine/Content/EngineSky/T_Sky_Stars.ubulk" 1889
"../../../Engine/Content/EngineSky/T_Sky_Stars.uasset" 1890
"../../../Engine/Content/EngineSky/T_Sky_Stars.uexp" 1891
"../../../Engine/Content/EngineSky/T_Sky_Clouds_M.ubulk" 1892
"../../../Engine/Content/EngineSky/T_Sky_Clouds_M.uasset" 1893
"../../../Engine/Content/EngineSky/T_Sky_Clouds_M.uexp" 1894
"../../../Engine/Content/EngineSky/T_Sky_Blue.ubulk" 1895
"../../../Engine/Content/EngineSky/T_Sky_Blue.uasset" 1896
"../../../Engine/Content/EngineSky/T_Sky_Blue.uexp" 1897
"../../../Engine/Content/EngineSky/M_Sky_Panning_Clouds2.uasset" 1898
"../../../Engine/Content/EngineSky/M_Sky_Panning_Clouds2.uexp" 1899
"../../../Engine/Content/EngineSky/SM_SkySphere.ubulk" 1900
"../../../Engine/Content/EngineSky/SM_SkySphere.uasset" 1901
"../../../Engine/Content/EngineSky/SM_SkySphere.uexp" 1902
"C:/Users/Guest2/Documents/Unreal Projects/IAmSadder/IAmSad/Content/ThirdPerson/Blueprints/BryarsABitch.uasset" 1903
"C:/Users/Guest2/Documents/Unreal Projects/IAmSadder/IAmSad/Content/ThirdPerson/Blueprints/BryarsABitch.uexp" 1904
"../../../Engine/Content/MapTemplates/SM_Template_Map_Floor.ubulk" 1905
"../../../Engine/Content/MapTemplates/SM_Template_Map_Floor.uasset" 1906
"../../../Engine/Content/MapTemplates/SM_Template_Map_Floor.uexp" 1907
"../../../Engine/Content/EngineSky/M_SimpleSkyDome.uasset" 1908
"../../../Engine/Content/EngineSky/M_SimpleSkyDome.uexp" 1909
"C:/Users/Guest2/Documents/Unreal Projects/IAmSadder/IAmSad/Content/Level2Bitches.uexp" 1910
"C:/Users/Guest2/Documents/Unreal Projects/IAmSadder/IAmSad/Content/Level2Bitches.umap" 1911
"../../../Engine/Content/Maps/Entry_BuiltData.uasset" 1912
"../../../Engine/Content/Maps/Entry_BuiltData.uexp" 1913
"../../../Engine/Content/Maps/Entry.uexp" 1914
"../../../Engine/Content/Maps/Entry.umap" 1915
